title,price,rating,stock,in_stock,url,upc,product_type,price_excl_tax,price_incl_tax,tax,category,image_url
Sharp Objects,47.82,4,20,True,https://books.toscrape.com/catalogue/sharp-objects_997/index.html,e00eb4fd7b871a48,Books,47.82,47.82,0.0,Mystery,https://books.toscrape.com/media/cache/c0/59/c05972805aa7201171b8fc71a5b00292.jpg
The Dirty Little Secrets of Getting Your Dream Job,33.34,4,19,True,https://books.toscrape.com/catalogue/the-dirty-little-secrets-of-getting-your-dream-job_994/index.html,2597b5a345f45e1b,Books,33.34,33.34,0.0,Business,https://books.toscrape.com/media/cache/e1/1b/e11bea016d0ae1d7e2dd46fb3cb870b7.jpg
The Boys in the Boat: Nine Americans and Their Epic Quest for Gold at the 1936 Berlin Olympics,22.6,4,19,True,https://books.toscrape.com/catalogue/the-boys-in-the-boat-nine-americans-and-their-epic-quest-for-gold-at-the-1936-berlin-olympics_992/index.html,e10e1e165dc8be4a,Books,22.6,22.6,0.0,Default,https://books.toscrape.com/media/cache/d1/2d/d12d26739b5369a6b5b3024e4d08f907.jpg
Shakespeare's Sonnets,20.66,4,19,True,https://books.toscrape.com/catalogue/shakespeares-sonnets_989/index.html,30a7f60cd76ca58c,Books,20.66,20.66,0.0,Poetry,https://books.toscrape.com/media/cache/4d/7a/4d7a79a8be80a529b277ed5c4d8ba482.jpg
Set Me Free,17.46,5,19,True,https://books.toscrape.com/catalogue/set-me-free_988/index.html,ce6396b0f23f6ecc,Books,17.46,17.46,0.0,Young Adult,https://books.toscrape.com/media/cache/b8/e9/b8e91bd2fc74c3954118999238abb4b8.jpg
Rip it Up and Start Again,35.02,5,19,True,https://books.toscrape.com/catalogue/rip-it-up-and-start-again_986/index.html,a34ba96d4081e6a4,Books,35.02,35.02,0.0,Music,https://books.toscrape.com/media/cache/81/7f/817f5089c0e6e62738dce2931e7323d3.jpg
Chase Me (Paris Nights #2),25.27,5,19,True,https://books.toscrape.com/catalogue/chase-me-paris-nights-2_977/index.html,c2e46a2ee3b4a322,Books,25.27,25.27,0.0,Romance,https://books.toscrape.com/media/cache/6c/84/6c84fcf7a53b02b6e763de7272934842.jpg
Black Dust,34.53,5,19,True,https://books.toscrape.com/catalogue/black-dust_976/index.html,00bfed9e18bb36f3,Books,34.53,34.53,0.0,Romance,https://books.toscrape.com/media/cache/a4/0a/a40af95beab828af1a4757ad1ee17da3.jpg
Worlds Elsewhere: Journeys Around Shakespeare’s Globe,40.3,5,18,True,https://books.toscrape.com/catalogue/worlds-elsewhere-journeys-around-shakespeares-globe_972/index.html,4c28def39d850cdf,Books,40.3,40.3,0.0,Nonfiction,https://books.toscrape.com/media/cache/7b/d9/7bd93db091d736d0c6ff9d578e3ba3d7.jpg
Wall and Piece,44.18,4,18,True,https://books.toscrape.com/catalogue/wall-and-piece_971/index.html,ccd9ffa25efabdea,Books,44.18,44.18,0.0,Art,https://books.toscrape.com/media/cache/df/34/df346322ddfdd3b4da0e34cad17f49dc.jpg
The Four Agreements: A Practical Guide to Personal Freedom,17.66,5,18,True,https://books.toscrape.com/catalogue/the-four-agreements-a-practical-guide-to-personal-freedom_970/index.html,6258a1f6a6dcfe50,Books,17.66,17.66,0.0,Spirituality,https://books.toscrape.com/media/cache/2b/1b/2b1bfecae9d512cb6ee943ccf786216f.jpg
The Elephant Tree,23.82,5,18,True,https://books.toscrape.com/catalogue/the-elephant-tree_968/index.html,5dada2b7be26bd03,Books,23.82,23.82,0.0,Thriller,https://books.toscrape.com/media/cache/4b/80/4b80a3d9148e224ed4d6cd4d33f43728.jpg
Sophie's World,15.94,5,18,True,https://books.toscrape.com/catalogue/sophies-world_966/index.html,6be3beb0793a53e7,Books,15.94,15.94,0.0,Philosophy,https://books.toscrape.com/media/cache/d7/39/d73914232130fdf90d66f02fd9798f2b.jpg
Private Paris (Private #10),47.61,5,17,True,https://books.toscrape.com/catalogue/private-paris-private-10_958/index.html,b12b89017878a60d,Books,47.61,47.61,0.0,Fiction,https://books.toscrape.com/media/cache/05/87/0587ab519222a61f803fa4570c325ad2.jpg
#HigherSelfie: Wake Up Your Life. Free Your Soul. Find Your Tribe.,23.11,5,17,True,https://books.toscrape.com/catalogue/higherselfie-wake-up-your-life-free-your-soul-find-your-tribe_957/index.html,c27f6e1f185b0383,Books,23.11,23.11,0.0,Nonfiction,https://books.toscrape.com/media/cache/71/45/71451e3bba61a8d888a4a2c6526a4bcf.jpg
Untitled Collection: Sabbath Poems 2014,14.27,4,16,True,https://books.toscrape.com/catalogue/untitled-collection-sabbath-poems-2014_953/index.html,657fe5ead67a7767,Books,14.27,14.27,0.0,Poetry,https://books.toscrape.com/media/cache/65/6e/656e79dfd4f8b6bf19ffde2c75ceda81.jpg
"Unseen City: The Majesty of Pigeons, the Discreet Charm of Snails & Other Wonders of the Urban Wilderness",44.18,4,16,True,https://books.toscrape.com/catalogue/unseen-city-the-majesty-of-pigeons-the-discreet-charm-of-snails-other-wonders-of-the-urban-wilderness_952/index.html,d170b5a0da46380e,Books,44.18,44.18,0.0,Nonfiction,https://books.toscrape.com/media/cache/88/a4/88a4b5f7236b8a36ba972be5ebe4f252.jpg
This One Summer,19.49,4,16,True,https://books.toscrape.com/catalogue/this-one-summer_947/index.html,51653ef291ab7ddc,Books,19.49,19.49,0.0,Sequential Art,https://books.toscrape.com/media/cache/ee/43/ee4364a59d66bafb1b3264419ab3ed9e.jpg
Thirst,17.27,5,16,True,https://books.toscrape.com/catalogue/thirst_946/index.html,709822d0b5bcb7f4,Books,17.27,17.27,0.0,Fiction,https://books.toscrape.com/media/cache/8c/54/8c54a50576c204b80165a13545f73028.jpg
The Nameless City (The Nameless City #1),38.16,4,16,True,https://books.toscrape.com/catalogue/the-nameless-city-the-nameless-city-1_940/index.html,7d385d34d12e60ff,Books,38.16,38.16,0.0,Sequential Art,https://books.toscrape.com/media/cache/19/de/19deee0778c2406da04a4dd0ea09188f.jpg
The Most Perfect Thing: Inside (and Outside) a Bird's Egg,42.96,4,16,True,https://books.toscrape.com/catalogue/the-most-perfect-thing-inside-and-outside-a-birds-egg_938/index.html,aadee1c326d286e3,Books,42.96,42.96,0.0,Science,https://books.toscrape.com/media/cache/a3/9e/a39e7c5c9fc61c2ae0f81116aa8cbb0e.jpg
"The Mindfulness and Acceptance Workbook for Anxiety: A Guide to Breaking Free from Anxiety, Phobias, and Worry Using Acceptance and Commitment Therapy",23.89,4,16,True,https://books.toscrape.com/catalogue/the-mindfulness-and-acceptance-workbook-for-anxiety-a-guide-to-breaking-free-from-anxiety-phobias-and-worry-using-acceptance-and-commitment-therapy_937/index.html,31075275518532d7,Books,23.89,23.89,0.0,Add a comment,https://books.toscrape.com/media/cache/c9/eb/c9eb6ecf45abf796df0044600db65e55.jpg
"The Inefficiency Assassin: Time Management Tactics for Working Smarter, Not Longer",20.59,5,16,True,https://books.toscrape.com/catalogue/the-inefficiency-assassin-time-management-tactics-for-working-smarter-not-longer_935/index.html,8c9e6bf2467d740d,Books,20.59,20.59,0.0,Default,https://books.toscrape.com/media/cache/a5/b8/a5b8d2d5165a06fc762e8eaf8b04f98f.jpg
The Activist's Tao Te Ching: Ancient Advice for a Modern Revolution,32.24,5,16,True,https://books.toscrape.com/catalogue/the-activists-tao-te-ching-ancient-advice-for-a-modern-revolution_928/index.html,7d6d2a6c0276f81b,Books,32.24,32.24,0.0,Spirituality,https://books.toscrape.com/media/cache/da/0c/da0ca35421a5120b2109028e44a53f56.jpg
Spark Joy: An Illustrated Master Class on the Art of Organizing and Tidying Up,41.83,4,16,True,https://books.toscrape.com/catalogue/spark-joy-an-illustrated-master-class-on-the-art-of-organizing-and-tidying-up_927/index.html,87b0615b6e1f4d7b,Books,41.83,41.83,0.0,Nonfiction,https://books.toscrape.com/media/cache/17/19/1719475c51206a410a90fe5f3708df4c.jpg
"Princess Jellyfish 2-in-1 Omnibus, Vol. 01 (Princess Jellyfish 2-in-1 Omnibus #1)",13.61,5,16,True,https://books.toscrape.com/catalogue/princess-jellyfish-2-in-1-omnibus-vol-01-princess-jellyfish-2-in-1-omnibus-1_920/index.html,0fa6dceead7ce47a,Books,13.61,13.61,0.0,Sequential Art,https://books.toscrape.com/media/cache/6c/8f/6c8ffe949fb650ba60eff25be1692881.jpg
Princess Between Worlds (Wide-Awake Princess #5),13.34,5,16,True,https://books.toscrape.com/catalogue/princess-between-worlds-wide-awake-princess-5_919/index.html,0e691eda369f4e09,Books,13.34,13.34,0.0,Fantasy,https://books.toscrape.com/media/cache/db/01/db01b38d3200a5faff4ead42791416e4.jpg
"Outcast, Vol. 1: A Darkness Surrounds Him (Outcast #1)",15.44,4,16,True,https://books.toscrape.com/catalogue/outcast-vol-1-a-darkness-surrounds-him-outcast-1_915/index.html,889139b8e9c4cb36,Books,15.44,15.44,0.0,Sequential Art,https://books.toscrape.com/media/cache/0c/8a/0c8ae80b592bc1b4c555d6b29d1cfa28.jpg
"Mama Tried: Traditional Italian Cooking for the Screwed, Crude, Vegan, and Tattooed",14.02,4,16,True,https://books.toscrape.com/catalogue/mama-tried-traditional-italian-cooking-for-the-screwed-crude-vegan-and-tattooed_908/index.html,72f9d5be3472d34e,Books,14.02,14.02,0.0,Food and Drink,https://books.toscrape.com/media/cache/48/19/48192cbef9101060e3787d87d7c8d7d1.jpg
Join,35.67,5,16,True,https://books.toscrape.com/catalogue/join_902/index.html,18ad3ed896c7ce05,Books,35.67,35.67,0.0,Science Fiction,https://books.toscrape.com/media/cache/df/64/df642e483f7ae23de6888c73f05e2014.jpg
In the Country We Love: My Family Divided,22.0,4,16,True,https://books.toscrape.com/catalogue/in-the-country-we-love-my-family-divided_901/index.html,b136b1b180ca753a,Books,22.0,22.0,0.0,Nonfiction,https://books.toscrape.com/media/cache/11/08/1108a8d9ebccd9cd474012121c32a7f5.jpg
First and First (Five Boroughs #3),15.97,4,16,True,https://books.toscrape.com/catalogue/first-and-first-five-boroughs-3_893/index.html,9e28048cea8d41f7,Books,15.97,15.97,0.0,Romance,https://books.toscrape.com/media/cache/01/a5/01a5285b17e7ec0e7e56294a8f8af28d.jpg
"Codename Baboushka, Volume 1: The Conclave of Death",36.72,4,16,True,https://books.toscrape.com/catalogue/codename-baboushka-volume-1-the-conclave-of-death_887/index.html,8754c83ab2a7ae71,Books,36.72,36.72,0.0,Sequential Art,https://books.toscrape.com/media/cache/ed/a5/eda54d1bfcdd39488013f7aae1eaf659.jpg
Camp Midnight,17.08,4,16,True,https://books.toscrape.com/catalogue/camp-midnight_886/index.html,7b599c8bfcdd8d30,Books,17.08,17.08,0.0,Sequential Art,https://books.toscrape.com/media/cache/7a/67/7a671ecf69cdcd2ea9ebe85da1b5585f.jpg
Call the Nurse: True Stories of a Country Nurse on a Scottish Isle,29.14,5,16,True,https://books.toscrape.com/catalogue/call-the-nurse-true-stories-of-a-country-nurse-on-a-scottish-isle_885/index.html,bee3672891cca906,Books,29.14,29.14,0.0,Nonfiction,https://books.toscrape.com/media/cache/c5/f2/c5f2361aab546bc7f851cf93aec94ca3.jpg
A Fierce and Subtle Poison,28.13,4,16,True,https://books.toscrape.com/catalogue/a-fierce-and-subtle-poison_875/index.html,842790dfaa937484,Books,28.13,28.13,0.0,Young Adult,https://books.toscrape.com/media/cache/ac/b6/acb65d6d11263ba98b0191b544f6c728.jpg
You Are What You Love: The Spiritual Power of Habit,21.87,4,15,True,https://books.toscrape.com/catalogue/you-are-what-you-love-the-spiritual-power-of-habit_872/index.html,796c87ddbbaaf8c5,Books,21.87,21.87,0.0,Religion,https://books.toscrape.com/media/cache/52/9b/529bf0d806ae2ab02bf23da4326b24c3.jpg
"William Shakespeare's Star Wars: Verily, A New Hope (William Shakespeare's Star Wars #4)",43.3,4,15,True,https://books.toscrape.com/catalogue/william-shakespeares-star-wars-verily-a-new-hope-william-shakespeares-star-wars-4_871/index.html,9270575728a13a61,Books,43.3,43.3,0.0,Science Fiction,https://books.toscrape.com/media/cache/02/7a/027a1f131d94c38f9e785f5d85a109c7.jpg
The Vacationers,42.15,4,15,True,https://books.toscrape.com/catalogue/the-vacationers_863/index.html,fd3a622648667296,Books,42.15,42.15,0.0,Fiction,https://books.toscrape.com/media/cache/34/c9/34c988a76c3cd7c04566d3030d8e7331.jpg
The Third Wave: An Entrepreneur’s Vision of the Future,12.61,5,15,True,https://books.toscrape.com/catalogue/the-third-wave-an-entrepreneurs-vision-of-the-future_862/index.html,3bebf34ee9330cbd,Books,12.61,12.61,0.0,Business,https://books.toscrape.com/media/cache/0f/76/0f76b00ea914ced1822d8ac3480c485f.jpg
The Stranger,17.44,4,15,True,https://books.toscrape.com/catalogue/the-stranger_861/index.html,f5a92cff83897d48,Books,17.44,17.44,0.0,Philosophy,https://books.toscrape.com/media/cache/c8/1a/c81aea97de1daaa0081d96f8564c204c.jpg
The Secret (The Secret #1),27.37,4,15,True,https://books.toscrape.com/catalogue/the-secret-the-secret-1_859/index.html,961f18db4f138211,Books,27.37,27.37,0.0,Default,https://books.toscrape.com/media/cache/d3/70/d37038f81b8ad0342346951271c31e58.jpg
The Nerdy Nummies Cookbook: Sweet Treats for the Geek in All of Us,37.34,5,15,True,https://books.toscrape.com/catalogue/the-nerdy-nummies-cookbook-sweet-treats-for-the-geek-in-all-of-us_853/index.html,e4c7f3487d17fd42,Books,37.34,37.34,0.0,Food and Drink,https://books.toscrape.com/media/cache/41/57/4157492623f9552e3efdc858a19968f3.jpg
The Murder of Roger Ackroyd (Hercule Poirot #4),44.1,4,15,True,https://books.toscrape.com/catalogue/the-murder-of-roger-ackroyd-hercule-poirot-4_852/index.html,c7b5183f4d1d4efe,Books,44.1,44.1,0.0,Mystery,https://books.toscrape.com/media/cache/86/38/8638ba095b3b32e0abdef170e7bc4fd6.jpg
The Kite Runner,41.82,4,15,True,https://books.toscrape.com/catalogue/the-kite-runner_847/index.html,eac1a180047ad54e,Books,41.82,41.82,0.0,Default,https://books.toscrape.com/media/cache/65/1e/651e956a041bf4b91bfba1374f0f91e7.jpg
The Artist's Way: A Spiritual Path to Higher Creativity,38.49,5,15,True,https://books.toscrape.com/catalogue/the-artists-way-a-spiritual-path-to-higher-creativity_839/index.html,dd047728de72ad62,Books,38.49,38.49,0.0,Nonfiction,https://books.toscrape.com/media/cache/3b/41/3b414b6d0340a0cbbd05be0942ddaada.jpg
The Art of War,33.34,5,15,True,https://books.toscrape.com/catalogue/the-art-of-war_838/index.html,e7469e22b5bfb3e7,Books,33.34,33.34,0.0,Default,https://books.toscrape.com/media/cache/61/1b/611b527ab7ecef530e3040c85f6602c3.jpg
Something More Than This,16.24,4,15,True,https://books.toscrape.com/catalogue/something-more-than-this_834/index.html,ca71e72655bece85,Books,16.24,16.24,0.0,Romance,https://books.toscrape.com/media/cache/b8/f9/b8f9e0169c3811f9ed145c3824208de6.jpg
Scarlett Epstein Hates It Here,43.55,5,15,True,https://books.toscrape.com/catalogue/scarlett-epstein-hates-it-here_828/index.html,1c929cfd16b71907,Books,43.55,43.55,0.0,Young Adult,https://books.toscrape.com/media/cache/7e/ba/7eba21a2ecaa4651e44f04a7cd808520.jpg
Redeeming Love,20.47,5,15,True,https://books.toscrape.com/catalogue/redeeming-love_826/index.html,b53db2271c9624f7,Books,20.47,20.47,0.0,Christian Fiction,https://books.toscrape.com/media/cache/c9/74/c974d74fa0bd1735c6ae172d40b1c077.jpg
Poems That Make Grown Women Cry,14.19,4,15,True,https://books.toscrape.com/catalogue/poems-that-make-grown-women-cry_824/index.html,31001a1210623bd4,Books,14.19,14.19,0.0,Poetry,https://books.toscrape.com/media/cache/18/ac/18ac3f16b10a5fc47e603d93335e3f24.jpg
Mrs. Houdini,30.25,5,15,True,https://books.toscrape.com/catalogue/mrs-houdini_821/index.html,a40723994f715420,Books,30.25,30.25,0.0,Historical Fiction,https://books.toscrape.com/media/cache/b4/45/b445dbc81ca3aff1321a6bf0d0fa231d.jpg
Modern Romance,28.26,5,15,True,https://books.toscrape.com/catalogue/modern-romance_820/index.html,caf4fe9311f1dc59,Books,28.26,28.26,0.0,Add a comment,https://books.toscrape.com/media/cache/78/cb/78cb28a3e8804131e8e0c3f7b8deb2fc.jpg
Library of Souls (Miss Peregrine’s Peculiar Children #3),48.56,5,15,True,https://books.toscrape.com/catalogue/library-of-souls-miss-peregrines-peculiar-children-3_816/index.html,ba54932df84e8cea,Books,48.56,48.56,0.0,Young Adult,https://books.toscrape.com/media/cache/79/7a/797a5468a7d06aba28d1cc7342b1f2ba.jpg
Full Moon over Noah’s Ark: An Odyssey to Mount Ararat and Beyond,49.43,4,15,True,https://books.toscrape.com/catalogue/full-moon-over-noahs-ark-an-odyssey-to-mount-ararat-and-beyond_811/index.html,ce60436f52c5ee68,Books,49.43,49.43,0.0,Travel,https://books.toscrape.com/media/cache/fe/8a/fe8af6ceec7718986380c0fde9b3b34f.jpg
Frostbite (Vampire Academy #2),29.99,5,15,True,https://books.toscrape.com/catalogue/frostbite-vampire-academy-2_810/index.html,116a2fdc9a45bab0,Books,29.99,29.99,0.0,Young Adult,https://books.toscrape.com/media/cache/2a/2d/2a2d6ebcedeb7249a2a85fd1fbfd06e1.jpg
"Fables, Vol. 1: Legends in Exile (Fables #1)",41.62,4,15,True,https://books.toscrape.com/catalogue/fables-vol-1-legends-in-exile-fables-1_806/index.html,65d034adf80834b7,Books,41.62,41.62,0.0,Sequential Art,https://books.toscrape.com/media/cache/51/e4/51e472da0b7be65921345af6d4ca9e51.jpg
Drive: The Surprising Truth About What Motivates Us,34.95,4,15,True,https://books.toscrape.com/catalogue/drive-the-surprising-truth-about-what-motivates-us_804/index.html,6ffb36aaeff1c81e,Books,34.95,34.95,0.0,Default,https://books.toscrape.com/media/cache/e9/48/e948a672efe721b408c8dd1f1f3ec529.jpg
Done Rubbed Out (Reightman & Bailey #1),37.72,5,15,True,https://books.toscrape.com/catalogue/done-rubbed-out-reightman-bailey-1_803/index.html,f6d967cdadc6fbd9,Books,37.72,37.72,0.0,Default,https://books.toscrape.com/media/cache/4e/af/4eaf0482e122cf9100b0fff61ea3441a.jpg
Dark Notes,19.19,5,15,True,https://books.toscrape.com/catalogue/dark-notes_800/index.html,88c21fcd38e2486e,Books,19.19,19.19,0.0,Erotica,https://books.toscrape.com/media/cache/1c/88/1c8807c42be085f3b061fe63f62a3c39.jpg
Close to You,49.46,4,15,True,https://books.toscrape.com/catalogue/close-to-you_798/index.html,a57b1dcbd6849222,Books,49.46,49.46,0.0,Christian Fiction,https://books.toscrape.com/media/cache/94/f4/94f4405dae04559ecdd92e62486623e3.jpg
Batman: The Dark Knight Returns (Batman),15.38,5,15,True,https://books.toscrape.com/catalogue/batman-the-dark-knight-returns-batman_792/index.html,47271d8e08b5d31c,Books,15.38,15.38,0.0,Sequential Art,https://books.toscrape.com/media/cache/1e/38/1e381319aaf7cf69c27a5171520d53fe.jpg
Anonymous,46.82,4,15,True,https://books.toscrape.com/catalogue/anonymous_790/index.html,d24b829be2ca81c4,Books,46.82,46.82,0.0,Default,https://books.toscrape.com/media/cache/31/07/31070621fa42e300a9aab403293bad92.jpg
Agnostic: A Spirited Manifesto,12.51,5,15,True,https://books.toscrape.com/catalogue/agnostic-a-spirited-manifesto_786/index.html,d195e7f4ed697350,Books,12.51,12.51,0.0,Nonfiction,https://books.toscrape.com/media/cache/66/03/6603ceb9ac44fb012f8bf54383bc0165.jpg
You (You #1),43.61,5,14,True,https://books.toscrape.com/catalogue/you-you-1_784/index.html,024387ca4cafd5cc,Books,43.61,43.61,0.0,Thriller,https://books.toscrape.com/media/cache/f2/f1/f2f19169771a8a8e1a4b72f22e799de8.jpg
"Wonder Woman: Earth One, Volume One (Wonder Woman: Earth One #1)",37.34,4,14,True,https://books.toscrape.com/catalogue/wonder-woman-earth-one-volume-one-wonder-woman-earth-one-1_783/index.html,047097293bb4d1c0,Books,37.34,37.34,0.0,Sequential Art,https://books.toscrape.com/media/cache/b6/6a/b66a733a0fd2c0ed2cffaf5d2d9dd146.jpg
Whole Lotta Creativity Going On: 60 Fun and Unusual Exercises to Awaken and Strengthen Your Creativity,38.2,4,14,True,https://books.toscrape.com/catalogue/whole-lotta-creativity-going-on-60-fun-and-unusual-exercises-to-awaken-and-strengthen-your-creativity_780/index.html,44a10f1ac8ce822e,Books,38.2,38.2,0.0,Nonfiction,https://books.toscrape.com/media/cache/e3/d5/e3d59328474571d53aad7d07144e2ef0.jpg
Walt Disney's Alice in Wonderland,12.96,5,14,True,https://books.toscrape.com/catalogue/walt-disneys-alice-in-wonderland_777/index.html,6a31307a81e8f3a8,Books,12.96,12.96,0.0,Childrens,https://books.toscrape.com/media/cache/0f/65/0f65a1f2a3705c67b3d2a787ab3e8b99.jpg
V for Vendetta (V for Vendetta Complete),37.1,4,14,True,https://books.toscrape.com/catalogue/v-for-vendetta-v-for-vendetta-complete_776/index.html,4a1debca3135ff37,Books,37.1,37.1,0.0,Default,https://books.toscrape.com/media/cache/9d/3f/9d3f79bdbfe9a9caea353627b6685699.jpg
The White Queen (The Cousins' War #1),25.91,5,14,True,https://books.toscrape.com/catalogue/the-white-queen-the-cousins-war-1_768/index.html,6875c5657661b2fb,Books,25.91,25.91,0.0,Add a comment,https://books.toscrape.com/media/cache/11/40/11400b5532ad710359584a68db50f33c.jpg
The Time Keeper,27.88,5,14,True,https://books.toscrape.com/catalogue/the-time-keeper_766/index.html,e9906e2f0d189745,Books,27.88,27.88,0.0,Fiction,https://books.toscrape.com/media/cache/37/d1/37d108ff5b19028a52ddd73dba35d543.jpg
The Star-Touched Queen,46.02,5,14,True,https://books.toscrape.com/catalogue/the-star-touched-queen_764/index.html,1528279aec1f3dce,Books,46.02,46.02,0.0,Fantasy,https://books.toscrape.com/media/cache/ac/1a/ac1a0546d9cdf6cd82ab7712a6c418df.jpg
The Songs of the Gods,44.48,5,14,True,https://books.toscrape.com/catalogue/the-songs-of-the-gods_763/index.html,00c4543ec6bd25b4,Books,44.48,44.48,0.0,Default,https://books.toscrape.com/media/cache/08/ad/08add5c58ff717da1b00d5dda3f7c637.jpg
The Song of Achilles,37.4,5,14,True,https://books.toscrape.com/catalogue/the-song-of-achilles_762/index.html,e88fb1c9397cfb27,Books,37.4,37.4,0.0,Add a comment,https://books.toscrape.com/media/cache/4e/56/4e56783b21a3a5c73e32e59241a351ac.jpg
The Marriage of Opposites,28.08,4,14,True,https://books.toscrape.com/catalogue/the-marriage-of-opposites_759/index.html,52cf2a5933ec5d8f,Books,28.08,28.08,0.0,Historical Fiction,https://books.toscrape.com/media/cache/33/8e/338e196723f3fb10d5c6990fe54be61d.jpg
The Darkest Lie,35.35,5,14,True,https://books.toscrape.com/catalogue/the-darkest-lie_747/index.html,6edacfd1f8ebb9eb,Books,35.35,35.35,0.0,Young Adult,https://books.toscrape.com/media/cache/3b/6a/3b6ae7b1d7736819f4f44605441e283e.jpg
The Bane Chronicles (The Bane Chronicles #1-11),44.73,4,14,True,https://books.toscrape.com/catalogue/the-bane-chronicles-the-bane-chronicles-1-11_746/index.html,dc6f688b82e42a5b,Books,44.73,44.73,0.0,Fantasy,https://books.toscrape.com/media/cache/e9/fe/e9fed5b725a6badd26ef93175fdc248b.jpg
Superman Vol. 1: Before Truth (Superman by Gene Luen Yang #1),11.89,5,14,True,https://books.toscrape.com/catalogue/superman-vol-1-before-truth-superman-by-gene-luen-yang-1_739/index.html,ac8e3949d284e9a9,Books,11.89,11.89,0.0,Sequential Art,https://books.toscrape.com/media/cache/31/32/3132ce8535ec612bf8588a5bc62998d4.jpg
Steve Jobs,39.5,5,14,True,https://books.toscrape.com/catalogue/steve-jobs_737/index.html,95019eac1c0a052f,Books,39.5,39.5,0.0,Default,https://books.toscrape.com/media/cache/70/a4/70a49dbcdbbdbc8b7264d254d8197ecd.jpg
Sorting the Beef from the Bull: The Science of Food Fraud Forensics,44.74,4,14,True,https://books.toscrape.com/catalogue/sorting-the-beef-from-the-bull-the-science-of-food-fraud-forensics_736/index.html,3edcccc4f341fb1a,Books,44.74,44.74,0.0,Science,https://books.toscrape.com/media/cache/5d/a5/5da545b9d44464af8b3d0a9511a050ca.jpg
"So Cute It Hurts!!, Vol. 6 (So Cute It Hurts!! #6)",35.43,4,14,True,https://books.toscrape.com/catalogue/so-cute-it-hurts-vol-6-so-cute-it-hurts-6_734/index.html,394f6d30cafc3edb,Books,35.43,35.43,0.0,Sequential Art,https://books.toscrape.com/media/cache/53/ea/53ead08572cc44510da38edf559722d1.jpg
salt.,46.78,4,14,True,https://books.toscrape.com/catalogue/salt_731/index.html,86cbddb61ea78bb7,Books,46.78,46.78,0.0,Poetry,https://books.toscrape.com/media/cache/c9/92/c9924f9637aef6d9fc8e165be62f69ee.jpg
Old School (Diary of a Wimpy Kid #10),11.83,5,14,True,https://books.toscrape.com/catalogue/old-school-diary-of-a-wimpy-kid-10_723/index.html,02b74068fa98d8a4,Books,11.83,11.83,0.0,Humor,https://books.toscrape.com/media/cache/55/82/5582626cb185a8eb2914c15d5287afbd.jpg
Made to Stick: Why Some Ideas Survive and Others Die,38.85,5,14,True,https://books.toscrape.com/catalogue/made-to-stick-why-some-ideas-survive-and-others-die_715/index.html,b96fc7a0ea7d4b45,Books,38.85,38.85,0.0,Business,https://books.toscrape.com/media/cache/1e/3e/1e3e1572e17ade03b21c44617fbc4d68.jpg
Looking for Lovely: Collecting the Moments that Matter,29.14,5,14,True,https://books.toscrape.com/catalogue/looking-for-lovely-collecting-the-moments-that-matter_710/index.html,24af96df0bafb925,Books,29.14,29.14,0.0,Nonfiction,https://books.toscrape.com/media/cache/f8/c7/f8c761844f257fed04cce95f9506cba4.jpg
"Living Leadership by Insight: A Good Leader Achieves, a Great Leader Builds Monuments",46.91,4,14,True,https://books.toscrape.com/catalogue/living-leadership-by-insight-a-good-leader-achieves-a-great-leader-builds-monuments_709/index.html,17fb5a88180f9904,Books,46.91,46.91,0.0,Default,https://books.toscrape.com/media/cache/b3/20/b3201b03b2fd03915b1f85522be971af.jpg
Let It Out: A Journey Through Journaling,26.79,5,14,True,https://books.toscrape.com/catalogue/let-it-out-a-journey-through-journaling_708/index.html,1174156c4a0eccaa,Books,26.79,26.79,0.0,Nonfiction,https://books.toscrape.com/media/cache/2c/15/2c157b05b7b7014be2a05a5bdeca80e7.jpg
Lady Midnight (The Dark Artifices #1),16.28,5,14,True,https://books.toscrape.com/catalogue/lady-midnight-the-dark-artifices-1_707/index.html,708345c9897fd7c5,Books,16.28,16.28,0.0,Default,https://books.toscrape.com/media/cache/bb/80/bb80ecf408c9ecf1cc3652fa8947d245.jpg
I Know What I'm Doing -- and Other Lies I Tell Myself: Dispatches from a Life Under Construction,25.98,4,14,True,https://books.toscrape.com/catalogue/i-know-what-im-doing-and-other-lies-i-tell-myself-dispatches-from-a-life-under-construction_704/index.html,b8a8ff84233f0570,Books,25.98,25.98,0.0,Humor,https://books.toscrape.com/media/cache/04/ab/04ab560690b2383512d2fdf4c6366b1e.jpg
I Am Pilgrim (Pilgrim #1),10.6,4,14,True,https://books.toscrape.com/catalogue/i-am-pilgrim-pilgrim-1_703/index.html,aeff7b87a8e83ebb,Books,10.6,10.6,0.0,Fiction,https://books.toscrape.com/media/cache/8d/a3/8da36f821f35b795a3a420c84ca9737e.jpg
"Hyperbole and a Half: Unfortunate Situations, Flawed Coping Mechanisms, Mayhem, and Other Things That Happened",14.75,5,14,True,https://books.toscrape.com/catalogue/hyperbole-and-a-half-unfortunate-situations-flawed-coping-mechanisms-mayhem-and-other-things-that-happened_702/index.html,fbb21a2f71f4d981,Books,14.75,14.75,0.0,Humor,https://books.toscrape.com/media/cache/25/1d/251df0eb9b321159b0ee348d4a9da2af.jpg
Greek Mythic History,10.23,5,14,True,https://books.toscrape.com/catalogue/greek-mythic-history_698/index.html,f201f263d8c23f97,Books,10.23,10.23,0.0,Default,https://books.toscrape.com/media/cache/b0/45/b04568c8b10a2aef00eaecafefac7ee0.jpg
God: The Most Unpleasant Character in All Fiction,30.03,5,14,True,https://books.toscrape.com/catalogue/god-the-most-unpleasant-character-in-all-fiction_697/index.html,eec424a84c9e4c68,Books,30.03,30.03,0.0,Religion,https://books.toscrape.com/media/cache/41/d8/41d8915a712c2a56f1c5182c11445551.jpg
"Far & Away: Places on the Brink of Change: Seven Continents, Twenty-Five Years",15.06,4,14,True,https://books.toscrape.com/catalogue/far-away-places-on-the-brink-of-change-seven-continents-twenty-five-years_694/index.html,ac4dde0d1be05de0,Books,15.06,15.06,0.0,Nonfiction,https://books.toscrape.com/media/cache/65/c4/65c4530fe298242e8b64c9ab8dd0c2d6.jpg
Eight Hundred Grapes,14.39,4,14,True,https://books.toscrape.com/catalogue/eight-hundred-grapes_690/index.html,1d6dd0c87d90fe92,Books,14.39,14.39,0.0,Fiction,https://books.toscrape.com/media/cache/5b/34/5b34d6d54467af2d5e44a5f91031adf2.jpg
Demigods & Magicians: Percy and Annabeth Meet the Kanes (Percy Jackson & Kane Chronicles Crossover #1-3),37.51,5,14,True,https://books.toscrape.com/catalogue/demigods-magicians-percy-and-annabeth-meet-the-kanes-percy-jackson-kane-chronicles-crossover-1-3_685/index.html,3c6fe637a0180b01,Books,37.51,37.51,0.0,Fantasy,https://books.toscrape.com/media/cache/b7/d5/b7d558f31dc9803aeb6c76009fdea5bc.jpg
Dear Mr. Knightley,11.21,5,14,True,https://books.toscrape.com/catalogue/dear-mr-knightley_684/index.html,94a958ea126cdcd5,Books,11.21,11.21,0.0,Fiction,https://books.toscrape.com/media/cache/e1/8d/e18dc724d16d7501dcaaa56bdb49c16d.jpg
Code Name Verity (Code Name Verity #1),22.13,4,14,True,https://books.toscrape.com/catalogue/code-name-verity-code-name-verity-1_680/index.html,33a3e0e3ffde0dcd,Books,22.13,22.13,0.0,Add a comment,https://books.toscrape.com/media/cache/65/9a/659ada7d88e3bda8db70f7e5312a39e2.jpg
City of Fallen Angels (The Mortal Instruments #4),11.23,4,14,True,https://books.toscrape.com/catalogue/city-of-fallen-angels-the-mortal-instruments-4_677/index.html,1e264c677d4ee4ae,Books,11.23,11.23,0.0,Default,https://books.toscrape.com/media/cache/21/46/2146903b83225c6a74b42a0f19a54e5d.jpg
Cell,20.29,4,14,True,https://books.toscrape.com/catalogue/cell_674/index.html,bfbb54bc8cdeed2b,Books,20.29,20.29,0.0,Add a comment,https://books.toscrape.com/media/cache/03/da/03da11f81eda5e742df8a39e90c21c70.jpg
Buying In: The Secret Dialogue Between What We Buy and Who We Are,37.8,4,14,True,https://books.toscrape.com/catalogue/buying-in-the-secret-dialogue-between-what-we-buy-and-who-we-are_670/index.html,16ef91b9d827859c,Books,37.8,37.8,0.0,Nonfiction,https://books.toscrape.com/media/cache/db/36/db3686ef6b30490998c1b24dbdf730d8.jpg
Brain on Fire: My Month of Madness,49.32,5,14,True,https://books.toscrape.com/catalogue/brain-on-fire-my-month-of-madness_669/index.html,a80f66b254fe9eb3,Books,49.32,49.32,0.0,Nonfiction,https://books.toscrape.com/media/cache/03/2c/032c97318d71f028d40ab6f5d2ae023f.jpg
All the Light We Cannot See,29.87,5,14,True,https://books.toscrape.com/catalogue/all-the-light-we-cannot-see_660/index.html,39861fc1c0845d15,Books,29.87,29.87,0.0,Historical,https://books.toscrape.com/media/cache/a6/96/a696c1d6bb1ff8f65f51a116160b2aef.jpg
A Time of Torment (Charlie Parker #14),48.35,5,14,True,https://books.toscrape.com/catalogue/a-time-of-torment-charlie-parker-14_657/index.html,4416c474713ec1f5,Books,48.35,48.35,0.0,Mystery,https://books.toscrape.com/media/cache/f1/37/f137a410ed7d6fcfce17d081caf97915.jpg
Rook,37.86,4,13,True,https://books.toscrape.com/catalogue/rook_647/index.html,44d97b6707dae3f0,Books,37.86,37.86,0.0,Add a comment,https://books.toscrape.com/media/cache/64/ab/64ab238bea10c4f25fa5bc9129a35370.jpg
The Star-Touched Queen,32.3,5,12,True,https://books.toscrape.com/catalogue/the-star-touched-queen_642/index.html,4a7a25be293ad678,Books,32.3,32.3,0.0,Fantasy,https://books.toscrape.com/media/cache/dc/57/dc57f908a0a2e130a5c065893a9005dd.jpg
The Silent Sister (Riley MacPherson #1),46.29,5,12,True,https://books.toscrape.com/catalogue/the-silent-sister-riley-macpherson-1_641/index.html,ce1ae197ada2aec4,Books,46.29,46.29,0.0,Fiction,https://books.toscrape.com/media/cache/98/df/98df70802a22c17dac6026645da4ab87.jpg
The Epidemic (The Program 0.6),14.44,5,12,True,https://books.toscrape.com/catalogue/the-epidemic-the-program-06_636/index.html,f732d7d18a91d2ba,Books,14.44,14.44,0.0,Young Adult,https://books.toscrape.com/media/cache/b6/2f/b62f16c69886271a55d3717883323283.jpg
Raspberry Pi Electronics Projects for the Evil Genius,49.67,4,12,True,https://books.toscrape.com/catalogue/raspberry-pi-electronics-projects-for-the-evil-genius_630/index.html,ebf81a62e4798fd1,Books,49.67,49.67,0.0,Default,https://books.toscrape.com/media/cache/47/a4/47a4a73d7e52e43ea0550ddd5d9ed034.jpg
Psycho: Sanitarium (Psycho #1.5),36.97,5,12,True,https://books.toscrape.com/catalogue/psycho-sanitarium-psycho-15_628/index.html,b8d7b3f5c7a95d65,Books,36.97,36.97,0.0,Horror,https://books.toscrape.com/media/cache/91/98/9198cedbd37561f2aa343d3eb04ee703.jpg
One with You (Crossfire #5),15.71,4,12,True,https://books.toscrape.com/catalogue/one-with-you-crossfire-5_626/index.html,81ef44fcc5f454df,Books,15.71,15.71,0.0,Add a comment,https://books.toscrape.com/media/cache/98/f8/98f8b3354fc18ed6f42ff5c3f9b39056.jpg
Furiously Happy: A Funny Book About Horrible Things,41.46,4,12,True,https://books.toscrape.com/catalogue/furiously-happy-a-funny-book-about-horrible-things_619/index.html,c6a29d6df8de968c,Books,41.46,41.46,0.0,Nonfiction,https://books.toscrape.com/media/cache/28/4c/284c3b0cbb254825f5bfd60e89d936af.jpg
Everyday Italian: 125 Simple and Delicious Recipes,20.1,5,12,True,https://books.toscrape.com/catalogue/everyday-italian-125-simple-and-delicious-recipes_618/index.html,76319fe9d8b465a3,Books,20.1,20.1,0.0,Food and Drink,https://books.toscrape.com/media/cache/4e/eb/4eebc29c9f3885800e6ae2c62c836145.jpg
Dirty (Dive Bar #1),40.83,4,12,True,https://books.toscrape.com/catalogue/dirty-dive-bar-1_615/index.html,df7e628bad5782b4,Books,40.83,40.83,0.0,Romance,https://books.toscrape.com/media/cache/77/54/77540d564fb77611a18b57f12a910b73.jpg
A Paris Apartment,39.01,4,12,True,https://books.toscrape.com/catalogue/a-paris-apartment_612/index.html,63343e287971bb0c,Books,39.01,39.01,0.0,Historical Fiction,https://books.toscrape.com/media/cache/b3/d9/b3d90aca157d5a250becc8b255a37251.jpg
"The Sleep Revolution: Transforming Your Life, One Night at a Time",11.68,4,11,True,https://books.toscrape.com/catalogue/the-sleep-revolution-transforming-your-life-one-night-at-a-time_608/index.html,985991708c47003e,Books,11.68,11.68,0.0,Nonfiction,https://books.toscrape.com/media/cache/b7/6a/b76a8c5c12390d9259b6235115ebf024.jpg
"Mother, Can You Not?",16.89,5,11,True,https://books.toscrape.com/catalogue/mother-can-you-not_599/index.html,28b2df9fadc9f07e,Books,16.89,16.89,0.0,Nonfiction,https://books.toscrape.com/media/cache/88/b4/88b464746c5882cc605827a0521ddcea.jpg
Keep Me Posted,20.46,4,11,True,https://books.toscrape.com/catalogue/keep-me-posted_594/index.html,20dc4f1ac5d4fd9c,Books,20.46,20.46,0.0,Womens Fiction,https://books.toscrape.com/media/cache/9c/84/9c845ad6a9d4ecf44d53ac0e3b8f54ae.jpg
Grey (Fifty Shades #4),48.49,4,11,True,https://books.toscrape.com/catalogue/grey-fifty-shades-4_592/index.html,b5953ca1f8a0b8d7,Books,48.49,48.49,0.0,Womens Fiction,https://books.toscrape.com/media/cache/c8/06/c806501c08d2b2cd72f2362a3da6ab80.jpg
Born for This: How to Find the Work You Were Meant to Do,21.59,5,11,True,https://books.toscrape.com/catalogue/born-for-this-how-to-find-the-work-you-were-meant-to-do_588/index.html,816180220e8cb419,Books,21.59,21.59,0.0,Business,https://books.toscrape.com/media/cache/9f/e7/9fe7f6432f216b166cb36f16130f20f6.jpg
Arena,21.36,4,11,True,https://books.toscrape.com/catalogue/arena_587/index.html,2c34f9432069b52b,Books,21.36,21.36,0.0,Science Fiction,https://books.toscrape.com/media/cache/01/c5/01c50c5f341b8f1d030e9dffba5e5498.jpg
Adultery,20.88,5,11,True,https://books.toscrape.com/catalogue/adultery_586/index.html,bb967277222e689c,Books,20.88,20.88,0.0,Default,https://books.toscrape.com/media/cache/f1/3b/f13bef3f1e05d0837bb46956a7a928f1.jpg
A Gentleman's Position (Society of Gentlemen #3),14.75,5,11,True,https://books.toscrape.com/catalogue/a-gentlemans-position-society-of-gentlemen-3_584/index.html,40c4bf520c17de54,Books,14.75,14.75,0.0,Romance,https://books.toscrape.com/media/cache/82/aa/82aa7770711dfc5edc1f5f69a731d08b.jpg
10-Day Green Smoothie Cleanse: Lose Up to 15 Pounds in 10 Days!,49.71,5,10,True,https://books.toscrape.com/catalogue/10-day-green-smoothie-cleanse-lose-up-to-15-pounds-in-10-days_581/index.html,96aa539bfd4c07e2,Books,49.71,49.71,0.0,Health,https://books.toscrape.com/media/cache/79/84/7984ef7c568a60372f430c1ddae64034.jpg
Without Shame,48.27,5,9,True,https://books.toscrape.com/catalogue/without-shame_580/index.html,ab60e6f5a63e1cfb,Books,48.27,48.27,0.0,Add a comment,https://books.toscrape.com/media/cache/6c/21/6c21a47589ec756b9ed27e2f331c08de.jpg
The New Brand You: Your New Image Makes the Sale for You,44.05,5,9,True,https://books.toscrape.com/catalogue/the-new-brand-you-your-new-image-makes-the-sale-for-you_575/index.html,4b50fb1359ebf35d,Books,44.05,44.05,0.0,Default,https://books.toscrape.com/media/cache/74/34/74346ce51ac25a32c95ae9dc0d7ca515.jpg
"The Moosewood Cookbook: Recipes from Moosewood Restaurant, Ithaca, New York",12.34,4,9,True,https://books.toscrape.com/catalogue/the-moosewood-cookbook-recipes-from-moosewood-restaurant-ithaca-new-york_574/index.html,65cfc9f242c2984a,Books,12.34,12.34,0.0,Food and Drink,https://books.toscrape.com/media/cache/c1/87/c187a9eb27d932f862ac06beec15c24c.jpg
"NaNo What Now? Finding your editing process, revising your NaNoWriMo book and building a writing career through publishing and beyond",10.41,4,9,True,https://books.toscrape.com/catalogue/nano-what-now-finding-your-editing-process-revising-your-nanowrimo-book-and-building-a-writing-career-through-publishing-and-beyond_566/index.html,ee6c67859d70186b,Books,10.41,10.41,0.0,Default,https://books.toscrape.com/media/cache/61/7b/617bd5deaa5ea47ae717cb81c9a81ce8.jpg
"Fruits Basket, Vol. 9 (Fruits Basket #9)",33.95,4,9,True,https://books.toscrape.com/catalogue/fruits-basket-vol-9-fruits-basket-9_563/index.html,97187f5cf0385da3,Books,33.95,33.95,0.0,Sequential Art,https://books.toscrape.com/media/cache/3f/97/3f97ab9d27352e8dd24671c945b1c5ac.jpg
Art and Fear: Observations on the Perils (and Rewards) of Artmaking,48.63,4,9,True,https://books.toscrape.com/catalogue/art-and-fear-observations-on-the-perils-and-rewards-of-artmaking_559/index.html,d6d9ffea95f2f8bf,Books,48.63,48.63,0.0,Art,https://books.toscrape.com/media/cache/87/82/87822798b42545d589822bc712dc38a6.jpg
The Unlikely Pilgrimage of Harold Fry (Harold Fry #1),43.62,5,8,True,https://books.toscrape.com/catalogue/the-unlikely-pilgrimage-of-harold-fry-harold-fry-1_551/index.html,e0bdd79c7304ee8d,Books,43.62,43.62,0.0,Default,https://books.toscrape.com/media/cache/75/e4/75e444aca5ac86166a55cc7e64f5724f.jpg
"The Midnight Assassin: Panic, Scandal, and the Hunt for America's First Serial Killer",28.45,4,8,True,https://books.toscrape.com/catalogue/the-midnight-assassin-panic-scandal-and-the-hunt-for-americas-first-serial-killer_549/index.html,5a0d2e9284004266,Books,28.45,28.45,0.0,Nonfiction,https://books.toscrape.com/media/cache/38/ec/38ec5240eb37dfc9ebe54fa7584842ed.jpg
Smarter Faster Better: The Secrets of Being Productive in Life and Business,38.89,5,8,True,https://books.toscrape.com/catalogue/smarter-faster-better-the-secrets-of-being-productive-in-life-and-business_543/index.html,a2475a245c9907c4,Books,38.89,38.89,0.0,Nonfiction,https://books.toscrape.com/media/cache/16/65/1665c94f1ec5580132a16c3bdfd0c421.jpg
Shadows of the Past (Logan Point #1),39.67,5,8,True,https://books.toscrape.com/catalogue/shadows-of-the-past-logan-point-1_541/index.html,bee6e93e9976f4fa,Books,39.67,39.67,0.0,Christian Fiction,https://books.toscrape.com/media/cache/61/3a/613ac19c2232f1d9adc5943291a5e860.jpg
Roller Girl,14.1,5,8,True,https://books.toscrape.com/catalogue/roller-girl_540/index.html,aeb51dfbe8aeec59,Books,14.1,14.1,0.0,Sequential Art,https://books.toscrape.com/media/cache/cf/cf/cfcfb88039ddab7d4ae399246529e401.jpg
Please Kill Me: The Uncensored Oral History of Punk,31.19,4,8,True,https://books.toscrape.com/catalogue/please-kill-me-the-uncensored-oral-history-of-punk_537/index.html,4a823d80aa30dbb0,Books,31.19,31.19,0.0,Music,https://books.toscrape.com/media/cache/8e/bb/8ebbba84c204b011527a8f4bd082b03f.jpg
My Life Next Door (My Life Next Door ),36.39,5,8,True,https://books.toscrape.com/catalogue/my-life-next-door-my-life-next-door_535/index.html,9a7291b89bd5445c,Books,36.39,36.39,0.0,Young Adult,https://books.toscrape.com/media/cache/1a/2c/1a2c80cc391bc1422013e31682c5f649.jpg
Les Fleurs du Mal,29.04,5,8,True,https://books.toscrape.com/catalogue/les-fleurs-du-mal_530/index.html,c44c5e1425475206,Books,29.04,29.04,0.0,Poetry,https://books.toscrape.com/media/cache/3d/32/3d324c0b55c221e9b701d4e772b42ad6.jpg
Kill 'Em and Leave: Searching for James Brown and the American Soul,45.05,5,8,True,https://books.toscrape.com/catalogue/kill-em-and-leave-searching-for-james-brown-and-the-american-soul_528/index.html,39eefec3a8498dde,Books,45.05,45.05,0.0,Music,https://books.toscrape.com/media/cache/d4/8e/d48ee3fe30d6d9b9cc550b76dae5984a.jpg
John Vassos: Industrial Design for Modern Life,20.22,4,8,True,https://books.toscrape.com/catalogue/john-vassos-industrial-design-for-modern-life_526/index.html,bd26e8a79a856c31,Books,20.22,20.22,0.0,Default,https://books.toscrape.com/media/cache/e8/d4/e8d47e80b92650728b837930cc578d63.jpg
Hystopia: A Novel,21.96,4,8,True,https://books.toscrape.com/catalogue/hystopia-a-novel_523/index.html,0bfdef63285d3019,Books,21.96,21.96,0.0,Fiction,https://books.toscrape.com/media/cache/23/2f/232fdac6b00cd3c7cd2b2336ff3b730e.jpg
History of Beauty,10.29,4,8,True,https://books.toscrape.com/catalogue/history-of-beauty_521/index.html,8a150fd8ff5d7686,Books,10.29,10.29,0.0,Art,https://books.toscrape.com/media/cache/cb/74/cb74d2953d5249143c3c2e3c281daf6f.jpg
Death by Leisure: A Cautionary Tale,37.51,4,8,True,https://books.toscrape.com/catalogue/death-by-leisure-a-cautionary-tale_516/index.html,4dbd54d9e36c9566,Books,37.51,37.51,0.0,Default,https://books.toscrape.com/media/cache/bb/4e/bb4ec136d9d9e9796e1591ed9adb0e66.jpg
"""Most Blessed of the Patriarchs"": Thomas Jefferson and the Empire of the Imagination",44.48,5,8,True,https://books.toscrape.com/catalogue/most-blessed-of-the-patriarchs-thomas-jefferson-and-the-empire-of-the-imagination_509/index.html,f16c2edb2a603f92,Books,44.48,44.48,0.0,History,https://books.toscrape.com/media/cache/43/f2/43f25e9633b587a4052b517cd7b3b4a9.jpg
What Happened on Beale Street (Secrets of the South Mysteries #2),25.37,5,7,True,https://books.toscrape.com/catalogue/what-happened-on-beale-street-secrets-of-the-south-mysteries-2_506/index.html,9735c969c652dd89,Books,25.37,25.37,0.0,Mystery,https://books.toscrape.com/media/cache/2c/68/2c6857eb1c10995c8b9e77a1804f68cd.jpg
The Whale,35.96,4,7,True,https://books.toscrape.com/catalogue/the-whale_501/index.html,0ff9d10864db8364,Books,35.96,35.96,0.0,Childrens,https://books.toscrape.com/media/cache/6c/df/6cdf7a3ee6cfd5ecbcfd37bd7a5c42e3.jpg
The Story of Art,41.14,4,7,True,https://books.toscrape.com/catalogue/the-story-of-art_500/index.html,9147c5251cc99eb1,Books,41.14,41.14,0.0,Art,https://books.toscrape.com/media/cache/7a/e9/7ae92da23efc2f0f4633f9d2cde370f3.jpg
The Origin of Species,10.01,4,7,True,https://books.toscrape.com/catalogue/the-origin-of-species_499/index.html,0345872b14f9e774,Books,10.01,10.01,0.0,Science,https://books.toscrape.com/media/cache/d5/45/d54527d34174d5dd7eaeaaffdfcb3c5c.jpg
The Great Gatsby,36.05,4,7,True,https://books.toscrape.com/catalogue/the-great-gatsby_498/index.html,a8dbf1c6b41b885a,Books,36.05,36.05,0.0,Default,https://books.toscrape.com/media/cache/21/69/21697f1564ae6776ca9280b17455c1b6.jpg
The Bourne Identity (Jason Bourne #1),42.78,4,7,True,https://books.toscrape.com/catalogue/the-bourne-identity-jason-bourne-1_492/index.html,d250657f0ebc5d73,Books,42.78,42.78,0.0,Fiction,https://books.toscrape.com/media/cache/fe/a4/fea443d174c2c9f0c7903f6c6a3ecc62.jpg
The 7 Habits of Highly Effective People: Powerful Lessons in Personal Change,33.17,4,7,True,https://books.toscrape.com/catalogue/the-7-habits-of-highly-effective-people-powerful-lessons-in-personal-change_489/index.html,5fbd03b1ac0a0e69,Books,33.17,33.17,0.0,Default,https://books.toscrape.com/media/cache/08/3a/083ad6c527d14b1621806d17ed6f13e9.jpg
Team of Rivals: The Political Genius of Abraham Lincoln,20.12,5,7,True,https://books.toscrape.com/catalogue/team-of-rivals-the-political-genius-of-abraham-lincoln_488/index.html,ba047a636b7d3793,Books,20.12,20.12,0.0,Add a comment,https://books.toscrape.com/media/cache/be/22/be229bc9bc4655c7cb2c906998d5ef2e.jpg
Sister Dear,40.2,4,7,True,https://books.toscrape.com/catalogue/sister-dear_485/index.html,7ffebdd1d5148aef,Books,40.2,40.2,0.0,Fiction,https://books.toscrape.com/media/cache/2a/0a/2a0a1543dd5f3edc407ab9989f29e992.jpg
"Naturally Lean: 125 Nourishing Gluten-Free, Plant-Based Recipes--All Under 300 Calories",11.38,5,7,True,https://books.toscrape.com/catalogue/naturally-lean-125-nourishing-gluten-free-plant-based-recipes-all-under-300-calories_479/index.html,924438fc6cbec836,Books,11.38,11.38,0.0,Food and Drink,https://books.toscrape.com/media/cache/5b/46/5b466903acc905deb89019c0407848c4.jpg
Life of Pi,13.22,4,7,True,https://books.toscrape.com/catalogue/life-of-pi_475/index.html,40cdcbb7692fd408,Books,13.22,13.22,0.0,Default,https://books.toscrape.com/media/cache/24/10/2410311e3603f15637eccedd14ba1130.jpg
King's Folly (The Kinsman Chronicles #1),39.61,5,7,True,https://books.toscrape.com/catalogue/kings-folly-the-kinsman-chronicles-1_473/index.html,4c82371b8cd02d4d,Books,39.61,39.61,0.0,Fantasy,https://books.toscrape.com/media/cache/fc/17/fc17b4149d87d9ee714dde082ede0ee9.jpg
How to Cook Everything Vegetarian: Simple Meatless Recipes for Great Food (How to Cook Everything),46.01,4,7,True,https://books.toscrape.com/catalogue/how-to-cook-everything-vegetarian-simple-meatless-recipes-for-great-food-how-to-cook-everything_471/index.html,2a9fcb3382d351c8,Books,46.01,46.01,0.0,Food and Drink,https://books.toscrape.com/media/cache/ca/5f/ca5f20fe544cc311dd126c60c7aa003e.jpg
Good in Bed (Cannie Shapiro #1),37.05,5,7,True,https://books.toscrape.com/catalogue/good-in-bed-cannie-shapiro-1_469/index.html,c00bc29a678a6efb,Books,37.05,37.05,0.0,Add a comment,https://books.toscrape.com/media/cache/a5/7a/a57a35a22d7a06fa9987121e4883e4de.jpg
Every Heart a Doorway (Every Heart A Doorway #1),12.16,5,7,True,https://books.toscrape.com/catalogue/every-heart-a-doorway-every-heart-a-doorway-1_465/index.html,4fa75fc6829431ca,Books,12.16,12.16,0.0,Fantasy,https://books.toscrape.com/media/cache/b8/d7/b8d7eab895dac4551905c5f85849bb32.jpg
Delivering the Truth (Quaker Midwife Mystery #1),20.89,4,7,True,https://books.toscrape.com/catalogue/delivering-the-truth-quaker-midwife-mystery-1_464/index.html,4e980425468708da,Books,20.89,20.89,0.0,Mystery,https://books.toscrape.com/media/cache/5c/8a/5c8acde540a88aed464ab5c52bafcd83.jpg
Counted With the Stars (Out from Egypt #1),17.97,5,7,True,https://books.toscrape.com/catalogue/counted-with-the-stars-out-from-egypt-1_463/index.html,4807043b8218e9ce,Books,17.97,17.97,0.0,Christian Fiction,https://books.toscrape.com/media/cache/33/93/339372341b88e027734e97fa1ddb26fc.jpg
"At The Existentialist Café: Freedom, Being, and apricot cocktails with: Jean-Paul Sartre, Simone de Beauvoir, Albert Camus, Martin Heidegger, Edmund Husserl, Karl Jaspers, Maurice Merleau-Ponty and others",29.93,5,7,True,https://books.toscrape.com/catalogue/at-the-existentialist-cafe-freedom-being-and-apricot-cocktails-with-jean-paul-sartre-simone-de-beauvoir-albert-camus-martin-heidegger-edmund-husserl-karl-jaspers-maurice-merleau-ponty-and-others_459/index.html,6b52904b2ab91bf6,Books,29.93,29.93,0.0,Philosophy,https://books.toscrape.com/media/cache/ce/da/ceda6d577d0609261f997bd99872013b.jpg
A Gathering of Shadows (Shades of Magic #2),44.81,4,7,True,https://books.toscrape.com/catalogue/a-gathering-of-shadows-shades-of-magic-2_456/index.html,d1378a0ad06ff979,Books,44.81,44.81,0.0,Fantasy,https://books.toscrape.com/media/cache/c3/1a/c31af6fddfa452d9d746a599f35dcc01.jpg
The Mysterious Affair at Styles (Hercule Poirot #1),24.8,4,6,True,https://books.toscrape.com/catalogue/the-mysterious-affair-at-styles-hercule-poirot-1_452/index.html,2da5edf8b5776c9a,Books,24.8,24.8,0.0,Mystery,https://books.toscrape.com/media/cache/6b/61/6b61d393f0731f6c52182ba3cf41e245.jpg
The Joy of Cooking,43.27,4,6,True,https://books.toscrape.com/catalogue/the-joy-of-cooking_449/index.html,d326e189b1210916,Books,43.27,43.27,0.0,Add a comment,https://books.toscrape.com/media/cache/2c/81/2c8137d1d0a3ebb2f74d7abf45916606.jpg
The Hobbit (Middle-Earth Universe),17.8,5,6,True,https://books.toscrape.com/catalogue/the-hobbit-middle-earth-universe_447/index.html,72b5355dda190b6a,Books,17.8,17.8,0.0,Default,https://books.toscrape.com/media/cache/17/06/1706d016ec39ba3caad03b49737fefc7.jpg
The Collected Poems of W.B. Yeats (The Collected Works of W.B. Yeats #1),15.42,5,6,True,https://books.toscrape.com/catalogue/the-collected-poems-of-wb-yeats-the-collected-works-of-wb-yeats-1_441/index.html,3d250ab0f12be445,Books,15.42,15.42,0.0,Poetry,https://books.toscrape.com/media/cache/b3/8c/b38cadc69f4a2db0aae2ee2867ab8583.jpg
Pride and Prejudice,19.27,4,6,True,https://books.toscrape.com/catalogue/pride-and-prejudice_437/index.html,720c36b2bee4692e,Books,19.27,19.27,0.0,Add a comment,https://books.toscrape.com/media/cache/6a/87/6a8706826789aa47fbbb8a2459b4c616.jpg
In Cold Blood,49.98,4,6,True,https://books.toscrape.com/catalogue/in-cold-blood_432/index.html,fe0f34ebed689381,Books,49.98,49.98,0.0,Nonfiction,https://books.toscrape.com/media/cache/78/52/7852b87face58f30b46004a4a4270f2d.jpg
How to Stop Worrying and Start Living,46.49,5,6,True,https://books.toscrape.com/catalogue/how-to-stop-worrying-and-start-living_431/index.html,e792c0969cefe1b8,Books,46.49,46.49,0.0,Self Help,https://books.toscrape.com/media/cache/64/0c/640cfc86cd3943cef402dc6082497eec.jpg
"Fruits Basket, Vol. 6 (Fruits Basket #6)",20.96,4,6,True,https://books.toscrape.com/catalogue/fruits-basket-vol-6-fruits-basket-6_427/index.html,97258f576d4bb672,Books,20.96,20.96,0.0,Sequential Art,https://books.toscrape.com/media/cache/cd/b5/cdb5bd3a70cd857879120b4a90192bda.jpg
Deception Point,40.32,4,6,True,https://books.toscrape.com/catalogue/deception-point_426/index.html,4e3b183180e2a992,Books,40.32,40.32,0.0,Fiction,https://books.toscrape.com/media/cache/65/6d/656d264685962b55ff14fb310b0ae747.jpg
World Without End (The Pillars of the Earth #2),32.97,4,5,True,https://books.toscrape.com/catalogue/world-without-end-the-pillars-of-the-earth-2_420/index.html,2e5b4ff08a75fd02,Books,32.97,32.97,0.0,Historical Fiction,https://books.toscrape.com/media/cache/58/b5/58b5730dd82cbcf6560cf0ab8b56cd9f.jpg
"Will Grayson, Will Grayson (Will Grayson, Will Grayson)",47.31,4,5,True,https://books.toscrape.com/catalogue/will-grayson-will-grayson-will-grayson-will-grayson_419/index.html,e75f3ae1da1cc652,Books,47.31,47.31,0.0,Young Adult,https://books.toscrape.com/media/cache/b9/e6/b9e66a23fe4b95c426409bad86058152.jpg
Where She Went (If I Stay #2),41.73,4,5,True,https://books.toscrape.com/catalogue/where-she-went-if-i-stay-2_417/index.html,60369d96b7b80869,Books,41.73,41.73,0.0,Young Adult,https://books.toscrape.com/media/cache/0c/f9/0cf93861d70a35c3d8deaa265a630e35.jpg
The Secret Garden,15.08,4,5,True,https://books.toscrape.com/catalogue/the-secret-garden_413/index.html,abbb492978ff656d,Books,15.08,15.08,0.0,Classics,https://books.toscrape.com/media/cache/f1/78/f17805e88aed31aae352ab250b2a379d.jpg
The Power Greens Cookbook: 140 Delicious Superfood Recipes,11.05,5,5,True,https://books.toscrape.com/catalogue/the-power-greens-cookbook-140-delicious-superfood-recipes_410/index.html,f701fae56b645ef7,Books,11.05,11.05,0.0,Food and Drink,https://books.toscrape.com/media/cache/21/65/21651189fd05220e11ea5a1bd99ce58b.jpg
The Mathews Men: Seven Brothers and the War Against Hitler's U-boats,42.91,5,5,True,https://books.toscrape.com/catalogue/the-mathews-men-seven-brothers-and-the-war-against-hitlers-u-boats_408/index.html,0d210d2448c3018f,Books,42.91,42.91,0.0,History,https://books.toscrape.com/media/cache/52/74/5274c64fbcb7ce4bbf427ed751f6cada.jpg
The Darkest Corners,11.33,5,5,True,https://books.toscrape.com/catalogue/the-darkest-corners_399/index.html,c4182bdb53e2459a,Books,11.33,11.33,0.0,Young Adult,https://books.toscrape.com/media/cache/8c/64/8c64037f38663260b91c275078ee882d.jpg
The Crossover,38.77,4,5,True,https://books.toscrape.com/catalogue/the-crossover_398/index.html,b228042c088b1913,Books,38.77,38.77,0.0,Poetry,https://books.toscrape.com/media/cache/25/fe/25fe373b974387a66ff1dea80f023ccb.jpg
Talking to Girls About Duran Duran: One Young Man's Quest for True Love and a Cooler Haircut,25.15,4,5,True,https://books.toscrape.com/catalogue/talking-to-girls-about-duran-duran-one-young-mans-quest-for-true-love-and-a-cooler-haircut_394/index.html,1dba84766a5e87b8,Books,25.15,25.15,0.0,Nonfiction,https://books.toscrape.com/media/cache/5d/62/5d62099546e3889ad385b13c62bc8874.jpg
Siddhartha,34.22,5,5,True,https://books.toscrape.com/catalogue/siddhartha_393/index.html,84bb29c53592ac40,Books,34.22,34.22,0.0,Fiction,https://books.toscrape.com/media/cache/6b/5f/6b5fba0f415741ab61c0cf24d11933ab.jpg
Shiver (The Wolves of Mercy Falls #1),16.23,5,5,True,https://books.toscrape.com/catalogue/shiver-the-wolves-of-mercy-falls-1_392/index.html,59a8ae019b64f2a7,Books,16.23,16.23,0.0,Default,https://books.toscrape.com/media/cache/79/57/79574d160951e6703343c593ef1bae98.jpg
My Mother Was Nuts,31.63,4,5,True,https://books.toscrape.com/catalogue/my-mother-was-nuts_388/index.html,a4ce39a3720cd679,Books,31.63,31.63,0.0,Nonfiction,https://books.toscrape.com/media/cache/65/67/6567e9868a3d1196f32c063c0f73ea01.jpg
Mexican Today: New and Rediscovered Recipes for Contemporary Kitchens,24.91,5,5,True,https://books.toscrape.com/catalogue/mexican-today-new-and-rediscovered-recipes-for-contemporary-kitchens_387/index.html,12a90b90283b2e6d,Books,24.91,24.91,0.0,Food and Drink,https://books.toscrape.com/media/cache/c2/19/c219b1be1e325abd2244ace190870569.jpg
Lola and the Boy Next Door (Anna and the French Kiss #2),23.63,4,5,True,https://books.toscrape.com/catalogue/lola-and-the-boy-next-door-anna-and-the-french-kiss-2_385/index.html,5e1a88d248599768,Books,23.63,23.63,0.0,Young Adult,https://books.toscrape.com/media/cache/1e/12/1e12b33f2f3988b23f895d2319ef7af8.jpg
Killing Floor (Jack Reacher #1),31.49,4,5,True,https://books.toscrape.com/catalogue/killing-floor-jack-reacher-1_382/index.html,8dde2ff3f6fcc0a3,Books,31.49,31.49,0.0,Thriller,https://books.toscrape.com/media/cache/b1/5b/b15b4c864b762133cdaf69b58ba55d76.jpg
Kill the Boy Band,15.52,5,5,True,https://books.toscrape.com/catalogue/kill-the-boy-band_381/index.html,44f545727e704187,Books,15.52,15.52,0.0,Young Adult,https://books.toscrape.com/media/cache/6e/66/6e66e7cefe3ca7cf9402f87f3e13c79e.jpg
Isla and the Happily Ever After (Anna and the French Kiss #3),48.13,5,5,True,https://books.toscrape.com/catalogue/isla-and-the-happily-ever-after-anna-and-the-french-kiss-3_380/index.html,45045146dbf7b009,Books,48.13,48.13,0.0,Young Adult,https://books.toscrape.com/media/cache/61/ff/61ffcc9619675c79b1f0b568d6ee870c.jpg
If I Stay (If I Stay #1),38.13,5,5,True,https://books.toscrape.com/catalogue/if-i-stay-if-i-stay-1_379/index.html,7284d85428305f5a,Books,38.13,38.13,0.0,Default,https://books.toscrape.com/media/cache/c2/62/c262c55a104878043319173d79986c89.jpg
Dracula the Un-Dead,35.63,5,5,True,https://books.toscrape.com/catalogue/dracula-the-un-dead_370/index.html,e46b1074b99ac4b6,Books,35.63,35.63,0.0,Horror,https://books.toscrape.com/media/cache/b1/f2/b1f25fa4623b3ee2db6fb6d6e27c6fb5.jpg
Booked,17.49,5,5,True,https://books.toscrape.com/catalogue/booked_365/index.html,b54d7416bb445989,Books,17.49,17.49,0.0,Poetry,https://books.toscrape.com/media/cache/cf/3b/cf3b0341f5f4f4ad2c1439c11d32a9b1.jpg
"Blue Lily, Lily Blue (The Raven Cycle #3)",34.13,5,5,True,https://books.toscrape.com/catalogue/blue-lily-lily-blue-the-raven-cycle-3_364/index.html,ad5e078beceaeb4a,Books,34.13,34.13,0.0,Default,https://books.toscrape.com/media/cache/16/67/16674db55d7c7c37bf19e1aed4a8cc57.jpg
An Abundance of Katherines,10.0,5,5,True,https://books.toscrape.com/catalogue/an-abundance-of-katherines_362/index.html,f36d24c309e87e5b,Books,10.0,10.0,0.0,Young Adult,https://books.toscrape.com/media/cache/9b/c8/9bc86bc10a6beea536422bbe82e076fb.jpg
A Feast for Crows (A Song of Ice and Fire #4),17.21,4,5,True,https://books.toscrape.com/catalogue/a-feast-for-crows-a-song-of-ice-and-fire-4_357/index.html,f2c8f4b4c94d5c5c,Books,17.21,17.21,0.0,Fantasy,https://books.toscrape.com/media/cache/6f/b7/6fb724034c86041a52b247ae53613413.jpg
The Passion of Dolssa,28.32,5,4,True,https://books.toscrape.com/catalogue/the-passion-of-dolssa_351/index.html,011674f4a3834b8d,Books,28.32,28.32,0.0,Historical Fiction,https://books.toscrape.com/media/cache/b3/59/b35975c0df26c40964028a8ccabc9a91.jpg
The Hunger Games (The Hunger Games #1),29.85,5,4,True,https://books.toscrape.com/catalogue/the-hunger-games-the-hunger-games-1_349/index.html,6d2f70d9424f41a1,Books,29.85,29.85,0.0,Default,https://books.toscrape.com/media/cache/4e/9d/4e9de73d08f8c0b1b6ea859a93f1aa31.jpg
The Gunning of America: Business and the Making of American Gun Culture,16.81,4,4,True,https://books.toscrape.com/catalogue/the-gunning-of-america-business-and-the-making-of-american-gun-culture_347/index.html,45033bdf3d9ed158,Books,16.81,16.81,0.0,Nonfiction,https://books.toscrape.com/media/cache/e2/23/e223db017107fcccf532e5fe753f307d.jpg
The Beast (Black Dagger Brotherhood #14),46.08,5,4,True,https://books.toscrape.com/catalogue/the-beast-black-dagger-brotherhood-14_342/index.html,8930013d06942df1,Books,46.08,46.08,0.0,Fantasy,https://books.toscrape.com/media/cache/d4/76/d4761761d26eb7fe1ba0a9480913a8ca.jpg
Some Women,13.73,5,4,True,https://books.toscrape.com/catalogue/some-women_341/index.html,31f5bbf4974d29c9,Books,13.73,13.73,0.0,Womens Fiction,https://books.toscrape.com/media/cache/2f/71/2f710e4c53d98e47b73e4d34702a6751.jpg
Shopaholic Ties the Knot (Shopaholic #3),48.39,5,4,True,https://books.toscrape.com/catalogue/shopaholic-ties-the-knot-shopaholic-3_340/index.html,38199c5d7da0c0ef,Books,48.39,48.39,0.0,Womens Fiction,https://books.toscrape.com/media/cache/d0/f8/d0f8f438caa5e7adc1c727da4f06ca64.jpg
Paper and Fire (The Great Library #2),49.45,5,4,True,https://books.toscrape.com/catalogue/paper-and-fire-the-great-library-2_339/index.html,ae884ac655d6ee3e,Books,49.45,49.45,0.0,Fantasy,https://books.toscrape.com/media/cache/b6/3b/b63bd741fc6ada1e60a33db14bde0277.jpg
Outlander (Outlander #1),19.67,5,4,True,https://books.toscrape.com/catalogue/outlander-outlander-1_338/index.html,5de4baa88061a77a,Books,19.67,19.67,0.0,Default,https://books.toscrape.com/media/cache/2e/3f/2e3f900dfa0d70799f009f1c07f54697.jpg
No One Here Gets Out Alive,20.02,5,4,True,https://books.toscrape.com/catalogue/no-one-here-gets-out-alive_336/index.html,3a95f5a2df4ff921,Books,20.02,20.02,0.0,Music,https://books.toscrape.com/media/cache/8e/9b/8e9be254974e64a8a3d365a1571e3ec2.jpg
Night Shift (Night Shift #1-20),12.75,4,4,True,https://books.toscrape.com/catalogue/night-shift-night-shift-1-20_335/index.html,869d20b3b8128230,Books,12.75,12.75,0.0,Horror,https://books.toscrape.com/media/cache/b8/84/b8843e0c3fbadb1682b095c99eda7f7a.jpg
Needful Things,47.51,4,4,True,https://books.toscrape.com/catalogue/needful-things_334/index.html,70b585c9d0f15725,Books,47.51,47.51,0.0,Horror,https://books.toscrape.com/media/cache/d2/d8/d2d818d6654086560072fe1d42189636.jpg
Mockingjay (The Hunger Games #3),20.44,4,4,True,https://books.toscrape.com/catalogue/mockingjay-the-hunger-games-3_333/index.html,5212c6acea3359e5,Books,20.44,20.44,0.0,Default,https://books.toscrape.com/media/cache/42/5a/425a156d129df73861380d9fe49c1533.jpg
Little Women (Little Women #1),28.07,4,4,True,https://books.toscrape.com/catalogue/little-women-little-women-1_331/index.html,deda806b68b0aa11,Books,28.07,28.07,0.0,Classics,https://books.toscrape.com/media/cache/55/a9/55a942b0c092c40bdbb6a1f1be340984.jpg
Harry Potter and the Prisoner of Azkaban (Harry Potter #3),24.17,4,4,True,https://books.toscrape.com/catalogue/harry-potter-and-the-prisoner-of-azkaban-harry-potter-3_328/index.html,eff24325e0ede639,Books,24.17,24.17,0.0,Young Adult,https://books.toscrape.com/media/cache/27/93/2793d4ce3d27cdcdb7a0961bc218b25f.jpg
Harry Potter and the Order of the Phoenix (Harry Potter #5),31.63,4,4,True,https://books.toscrape.com/catalogue/harry-potter-and-the-order-of-the-phoenix-harry-potter-5_327/index.html,5a6b7155f2797537,Books,31.63,31.63,0.0,Fantasy,https://books.toscrape.com/media/cache/ca/56/ca565814dfe2d9f73d3d6b1ad7265984.jpg
Harry Potter and the Half-Blood Prince (Harry Potter #6),48.75,5,4,True,https://books.toscrape.com/catalogue/harry-potter-and-the-half-blood-prince-harry-potter-6_326/index.html,73f4f87dd936ee5c,Books,48.75,48.75,0.0,Fantasy,https://books.toscrape.com/media/cache/06/ee/06ee91950f111a29d18bccb0c3418fb4.jpg
Atlas Shrugged,26.58,5,4,True,https://books.toscrape.com/catalogue/atlas-shrugged_314/index.html,78a4ac98191ac675,Books,26.58,26.58,0.0,Fiction,https://books.toscrape.com/media/cache/9d/3c/9d3c5430a627260e4a8c9ca02c8a8924.jpg
'Salem's Lot,49.56,4,4,True,https://books.toscrape.com/catalogue/salems-lot_309/index.html,6e9403f00acd6752,Books,49.56,49.56,0.0,Horror,https://books.toscrape.com/media/cache/d3/55/d35568710e773adf06a0bc756a99f66d.jpg
When You Are Engulfed in Flames,30.89,5,3,True,https://books.toscrape.com/catalogue/when-you-are-engulfed-in-flames_303/index.html,dab0196cd5fc8e5e,Books,30.89,30.89,0.0,Humor,https://books.toscrape.com/media/cache/42/1a/421afe48509fc8cccccad804b64c58dc.jpg
Voyager (Outlander #3),21.07,5,3,True,https://books.toscrape.com/catalogue/voyager-outlander-3_299/index.html,7feac4000cbc5859,Books,21.07,21.07,0.0,Historical Fiction,https://books.toscrape.com/media/cache/6e/22/6e22497cbecedef59be86d1328e4b044.jpg
The Undomestic Goddess,45.75,4,3,True,https://books.toscrape.com/catalogue/the-undomestic-goddess_286/index.html,813cff2aefa5d1f0,Books,45.75,45.75,0.0,Womens Fiction,https://books.toscrape.com/media/cache/e3/e9/e3e95f631eb64252324768ce795b50d7.jpg
The Silkworm (Cormoran Strike #2),23.05,5,3,True,https://books.toscrape.com/catalogue/the-silkworm-cormoran-strike-2_280/index.html,f06039c29b5891fa,Books,23.05,23.05,0.0,Mystery,https://books.toscrape.com/media/cache/fa/d2/fad227281b25d606782218a33323991b.jpg
The Red Tent,35.66,5,3,True,https://books.toscrape.com/catalogue/the-red-tent_273/index.html,3c456328b04a8ee8,Books,35.66,35.66,0.0,Historical Fiction,https://books.toscrape.com/media/cache/15/59/155942710c3ae4bd4ed622df9a999b99.jpg
The Nightingale,26.26,4,3,True,https://books.toscrape.com/catalogue/the-nightingale_267/index.html,29d6d87f3418638b,Books,26.26,26.26,0.0,Fiction,https://books.toscrape.com/media/cache/c6/ac/c6ac29eaf9e7de9de175d014d2132428.jpg
The Lonely Ones,43.59,5,3,True,https://books.toscrape.com/catalogue/the-lonely-ones_261/index.html,cf2f27fdf94ba20e,Books,43.59,43.59,0.0,Childrens,https://books.toscrape.com/media/cache/ff/f6/fff64acb3c65cbea2ac9209c2a57af17.jpg
"The Land of 10,000 Madonnas",29.64,4,3,True,https://books.toscrape.com/catalogue/the-land-of-10000-madonnas_258/index.html,35e69a79d2b1e804,Books,29.64,29.64,0.0,Young Adult,https://books.toscrape.com/media/cache/af/82/af82a0cccc29dd467330dab0325807c8.jpg
"The End of Faith: Religion, Terror, and the Future of Reason",22.13,4,3,True,https://books.toscrape.com/catalogue/the-end-of-faith-religion-terror-and-the-future-of-reason_246/index.html,b3f2bc2cefb35f05,Books,22.13,22.13,0.0,Add a comment,https://books.toscrape.com/media/cache/69/97/69978f609f9c1cb470ce1aa0774cf9d1.jpg
"The Elegant Universe: Superstrings, Hidden Dimensions, and the Quest for the Ultimate Theory",13.03,4,3,True,https://books.toscrape.com/catalogue/the-elegant-universe-superstrings-hidden-dimensions-and-the-quest-for-the-ultimate-theory_245/index.html,c6bf14cb901c63ac,Books,13.03,13.03,0.0,Science,https://books.toscrape.com/media/cache/5e/db/5edba3f8d50df6306bc5aa3f2516bd0c.jpg
The Day the Crayons Came Home (Crayons),26.33,5,3,True,https://books.toscrape.com/catalogue/the-day-the-crayons-came-home-crayons_241/index.html,b22362b434e8ee62,Books,26.33,26.33,0.0,Childrens,https://books.toscrape.com/media/cache/34/b2/34b2631bafd148bcd8dcd850a4b75971.jpg
The Complete Stories and Poems (The Works of Edgar Allan Poe [Cameo Edition]),26.78,4,3,True,https://books.toscrape.com/catalogue/the-complete-stories-and-poems-the-works-of-edgar-allan-poe-cameo-edition_238/index.html,cad70d6ffd53912f,Books,26.78,26.78,0.0,Classics,https://books.toscrape.com/media/cache/55/2d/552d55d44dcc0f27e98b3e7dc3959e1a.jpg
The Complete Poems,41.32,5,3,True,https://books.toscrape.com/catalogue/the-complete-poems_237/index.html,23707d3ddf14a999,Books,41.32,41.32,0.0,Add a comment,https://books.toscrape.com/media/cache/e5/cb/e5cb32b76ae2e45823f1d50446c9ae58.jpg
The Book of Basketball: The NBA According to The Sports Guy,44.84,5,3,True,https://books.toscrape.com/catalogue/the-book-of-basketball-the-nba-according-to-the-sports-guy_232/index.html,08decd9664e5d56e,Books,44.84,44.84,0.0,Sports and Games,https://books.toscrape.com/media/cache/73/bb/73bbe0a70806f8a732b9a7a7a343c5ec.jpg
Something Borrowed (Darcy & Rachel #1),48.96,5,3,True,https://books.toscrape.com/catalogue/something-borrowed-darcy-rachel-1_224/index.html,ac27ab4bcd9c492e,Books,48.96,48.96,0.0,Womens Fiction,https://books.toscrape.com/media/cache/82/ed/82ed95c8c6c3ee6171fe3b55d766a9ec.jpg
Seven Brief Lessons on Physics,30.6,4,3,True,https://books.toscrape.com/catalogue/seven-brief-lessons-on-physics_219/index.html,281a244ce1954711,Books,30.6,30.6,0.0,Science,https://books.toscrape.com/media/cache/ae/f9/aef933758e39ba5e4327b2152478bb1a.jpg
Scarlet (The Lunar Chronicles #2),14.57,4,3,True,https://books.toscrape.com/catalogue/scarlet-the-lunar-chronicles-2_218/index.html,510832818edb6fbc,Books,14.57,14.57,0.0,Young Adult,https://books.toscrape.com/media/cache/97/04/9704e3b9203e9b029134d0b86c17613b.jpg
"Saga, Volume 3 (Saga (Collected Editions) #3)",21.57,5,3,True,https://books.toscrape.com/catalogue/saga-volume-3-saga-collected-editions-3_216/index.html,7b870bf85d01c2dc,Books,21.57,21.57,0.0,Sequential Art,https://books.toscrape.com/media/cache/55/89/5589eb7a8127d04add1c4205186d91d4.jpg
Running with Scissors,12.91,4,3,True,https://books.toscrape.com/catalogue/running-with-scissors_215/index.html,28921443f052bea6,Books,12.91,12.91,0.0,Autobiography,https://books.toscrape.com/media/cache/4c/e1/4ce1ed40df359e001020e1ea55674381.jpg
"Rise of the Rocket Girls: The Women Who Propelled Us, from Missiles to the Moon to Mars",41.67,4,3,True,https://books.toscrape.com/catalogue/rise-of-the-rocket-girls-the-women-who-propelled-us-from-missiles-to-the-moon-to-mars_213/index.html,89cad3f37c9ce226,Books,41.67,41.67,0.0,Nonfiction,https://books.toscrape.com/media/cache/1c/41/1c41d9cb63d3627fc60a1f3ba42da963.jpg
Ready Player One,19.07,4,3,True,https://books.toscrape.com/catalogue/ready-player-one_209/index.html,2ef5dc7e278e562a,Books,19.07,19.07,0.0,Science Fiction,https://books.toscrape.com/media/cache/b9/af/b9afd75c09ff7bf82c9a158a34cb993d.jpg
Legend (Legend #1),43.69,4,3,True,https://books.toscrape.com/catalogue/legend-legend-1_184/index.html,0ce8075fab4a2b5b,Books,43.69,43.69,0.0,Young Adult,https://books.toscrape.com/media/cache/57/8f/578f1512a0f0a9d3c2ab9543f7b4506f.jpg
Inferno (Robert Langdon #4),41.0,5,3,True,https://books.toscrape.com/catalogue/inferno-robert-langdon-4_176/index.html,6c4646d90b60a56c,Books,41.0,41.0,0.0,Fiction,https://books.toscrape.com/media/cache/ec/15/ec15a39e6f193636635f20a7354b08f6.jpg
If I Run (If I Run #1),49.97,4,3,True,https://books.toscrape.com/catalogue/if-i-run-if-i-run-1_174/index.html,61569d12d4ae7161,Books,49.97,49.97,0.0,Christian Fiction,https://books.toscrape.com/media/cache/54/17/54179d9af49616b1ef35a0bb23294b14.jpg
Heir to the Sky,44.07,4,3,True,https://books.toscrape.com/catalogue/heir-to-the-sky_166/index.html,b003f8bb02f76dc5,Books,44.07,44.07,0.0,Fantasy,https://books.toscrape.com/media/cache/36/39/36393f3294ab28afe4a2117fc987be75.jpg
Green Eggs and Ham (Beginner Books B-16),10.79,4,3,True,https://books.toscrape.com/catalogue/green-eggs-and-ham-beginner-books-b-16_165/index.html,621e2c310cec8d32,Books,10.79,10.79,0.0,Childrens,https://books.toscrape.com/media/cache/38/91/38916e718a4a117d62cbb8e10c7443ff.jpg
Gratitude,26.66,5,3,True,https://books.toscrape.com/catalogue/gratitude_163/index.html,c300cc9326592b65,Books,26.66,26.66,0.0,Nonfiction,https://books.toscrape.com/media/cache/56/73/5673fea5d08ad840ade774146ce07b28.jpg
Gone Girl,37.6,5,3,True,https://books.toscrape.com/catalogue/gone-girl_162/index.html,d5c588b6f9c015e4,Books,37.6,37.6,0.0,Default,https://books.toscrape.com/media/cache/73/21/7321b201d1c51a1c3b777a72c4bc0ea9.jpg
Golden (Heart of Dread #3),42.21,4,3,True,https://books.toscrape.com/catalogue/golden-heart-of-dread-3_161/index.html,984b3b6e7479b571,Books,42.21,42.21,0.0,Young Adult,https://books.toscrape.com/media/cache/c2/8b/c28ba565e29fd6879ccf4738fbf06696.jpg
Fire Bound (Sea Haven/Sisters of the Heart #5),21.28,4,3,True,https://books.toscrape.com/catalogue/fire-bound-sea-havensisters-of-the-heart-5_157/index.html,2ed3a794a70aa85f,Books,21.28,21.28,0.0,Add a comment,https://books.toscrape.com/media/cache/33/fb/33fba23401f34bd8cd5287f5ca640502.jpg
Fifty Shades Freed (Fifty Shades #3),15.36,5,3,True,https://books.toscrape.com/catalogue/fifty-shades-freed-fifty-shades-3_156/index.html,ed813a848580ba50,Books,15.36,15.36,0.0,Adult Fiction,https://books.toscrape.com/media/cache/f4/07/f407d3bbf457d35701dfe72ee9ef3b68.jpg
Disrupted: My Misadventure in the Start-Up Bubble,15.28,5,3,True,https://books.toscrape.com/catalogue/disrupted-my-misadventure-in-the-start-up-bubble_148/index.html,81372abc86f65c79,Books,15.28,15.28,0.0,Nonfiction,https://books.toscrape.com/media/cache/b7/2e/b72ee05aebe1a2563e30582a35bb5372.jpg
Dead Wake: The Last Crossing of the Lusitania,39.24,5,3,True,https://books.toscrape.com/catalogue/dead-wake-the-last-crossing-of-the-lusitania_147/index.html,04d858cdeeee0da4,Books,39.24,39.24,0.0,Default,https://books.toscrape.com/media/cache/18/6b/186b3ff364117b6771a99d18b944e801.jpg
Dark Places,23.9,5,3,True,https://books.toscrape.com/catalogue/dark-places_144/index.html,66937c669c4da072,Books,23.9,23.9,0.0,Default,https://books.toscrape.com/media/cache/48/77/48772730eb8ab688bcded3c230049e60.jpg
Crazy Rich Asians (Crazy Rich Asians #1),49.13,5,3,True,https://books.toscrape.com/catalogue/crazy-rich-asians-crazy-rich-asians-1_143/index.html,c9782ad2a0ed9331,Books,49.13,49.13,0.0,Fiction,https://books.toscrape.com/media/cache/05/37/053789bf4a9b520bf76fc9eea14e780e.jpg
Breaking Dawn (Twilight #4),35.28,5,3,True,https://books.toscrape.com/catalogue/breaking-dawn-twilight-4_136/index.html,bbfc4a3b7b6c94a0,Books,35.28,35.28,0.0,Default,https://books.toscrape.com/media/cache/7f/14/7f14ab5b29802231676c975915fdaa46.jpg
Blink: The Power of Thinking Without Thinking,21.74,5,3,True,https://books.toscrape.com/catalogue/blink-the-power-of-thinking-without-thinking_132/index.html,0bbc48294707ba96,Books,21.74,21.74,0.0,Nonfiction,https://books.toscrape.com/media/cache/41/be/41be12dcc78968882b11108acb79d1c7.jpg
Between Shades of Gray,20.79,5,3,True,https://books.toscrape.com/catalogue/between-shades-of-gray_128/index.html,155e42df837ee5ff,Books,20.79,20.79,0.0,Historical Fiction,https://books.toscrape.com/media/cache/df/45/df45004c7a4c3940946ad09f85805565.jpg
Beautiful Creatures (Caster Chronicles #1),21.55,5,3,True,https://books.toscrape.com/catalogue/beautiful-creatures-caster-chronicles-1_125/index.html,5439bae708bca198,Books,21.55,21.55,0.0,Default,https://books.toscrape.com/media/cache/82/30/82301a313be5a9ef4cedce8c79a54669.jpg
Ash,22.06,4,3,True,https://books.toscrape.com/catalogue/ash_123/index.html,5d22e2a46604b6e7,Books,22.06,22.06,0.0,Fantasy,https://books.toscrape.com/media/cache/20/ea/20ea16f618488e65f6abc5535fa77610.jpg
Annie on My Mind,36.83,5,3,True,https://books.toscrape.com/catalogue/annie-on-my-mind_120/index.html,7bf87402413c27ff,Books,36.83,36.83,0.0,Young Adult,https://books.toscrape.com/media/cache/78/2c/782c8d1e4ab324d978c5dadca02e8cd8.jpg
A Walk in the Woods: Rediscovering America on the Appalachian Trail,30.48,4,3,True,https://books.toscrape.com/catalogue/a-walk-in-the-woods-rediscovering-america-on-the-appalachian-trail_118/index.html,bcee4f289ff6699c,Books,30.48,30.48,0.0,Nonfiction,https://books.toscrape.com/media/cache/39/51/3951dc08d449aa692ce82eefb692254e.jpg
A Visit from the Goon Squad,14.08,5,3,True,https://books.toscrape.com/catalogue/a-visit-from-the-goon-squad_117/index.html,5dbd6ec4e154ad2f,Books,14.08,14.08,0.0,Default,https://books.toscrape.com/media/cache/fb/b0/fbb08b1e3eb34d5401e815e40eab0df9.jpg
New Moon (Twilight #2),12.86,4,2,True,https://books.toscrape.com/catalogue/new-moon-twilight-2_105/index.html,6fa3ea52c8e31e06,Books,12.86,12.86,0.0,Young Adult,https://books.toscrape.com/media/cache/dc/d6/dcd6ccbed1f8003d5bf53e2791c5abe7.jpg
Life,31.58,5,2,True,https://books.toscrape.com/catalogue/life_104/index.html,637e5a45062aa548,Books,31.58,31.58,0.0,Music,https://books.toscrape.com/media/cache/9b/61/9b6155b8013ed9e05ef8a85b4117165b.jpg
"Fruits Basket, Vol. 2 (Fruits Basket #2)",11.64,5,2,True,https://books.toscrape.com/catalogue/fruits-basket-vol-2-fruits-basket-2_100/index.html,c0db71f6bb14db11,Books,11.64,11.64,0.0,Sequential Art,https://books.toscrape.com/media/cache/87/36/8736be56d958f5d8d855108afb206c9f.jpg
"Y: The Last Man, Vol. 1: Unmanned (Y: The Last Man #1)",18.51,4,1,True,https://books.toscrape.com/catalogue/y-the-last-man-vol-1-unmanned-y-the-last-man-1_98/index.html,09d26b5f819c6a36,Books,18.51,18.51,0.0,Sequential Art,https://books.toscrape.com/media/cache/31/3f/313fb7d006c8c507d63ce7e96b56d925.jpg
While You Were Mine,41.32,5,1,True,https://books.toscrape.com/catalogue/while-you-were-mine_97/index.html,8ceb5c6aed2c5f8b,Books,41.32,41.32,0.0,Historical Fiction,https://books.toscrape.com/media/cache/4f/7c/4f7cde01c9711886ef5a8fa14996a52d.jpg
Ways of Seeing,39.51,5,1,True,https://books.toscrape.com/catalogue/ways-of-seeing_94/index.html,66a4e422b212726a,Books,39.51,39.51,0.0,Art,https://books.toscrape.com/media/cache/a5/54/a5542b7abc8673ea8254a3fe93b23e4e.jpg
Twenty Love Poems and a Song of Despair,30.95,4,1,True,https://books.toscrape.com/catalogue/twenty-love-poems-and-a-song-of-despair_91/index.html,e63c3f25338baf9a,Books,30.95,30.95,0.0,Poetry,https://books.toscrape.com/media/cache/ec/10/ec10f11ff0ea13c17a42d81b03896235.jpg
The Zombie Room,19.69,5,1,True,https://books.toscrape.com/catalogue/the-zombie-room_87/index.html,9c96cd1329fbd82d,Books,19.69,19.69,0.0,Default,https://books.toscrape.com/media/cache/ca/4a/ca4a9ba7acfea039f1abeff1d95d9674.jpg
The Tumor,41.56,5,1,True,https://books.toscrape.com/catalogue/the-tumor_85/index.html,6514add13c82b115,Books,41.56,41.56,0.0,Nonfiction,https://books.toscrape.com/media/cache/8a/14/8a14b06317e794b3469e57d20270f80f.jpg
The Story of Hong Gildong,43.19,4,1,True,https://books.toscrape.com/catalogue/the-story-of-hong-gildong_84/index.html,32d035df92ab9080,Books,43.19,43.19,0.0,Classics,https://books.toscrape.com/media/cache/b5/5b/b55be7e5c18b62cef6ebeae404f7f643.jpg
The Silent Wife,12.34,5,1,True,https://books.toscrape.com/catalogue/the-silent-wife_83/index.html,b78deb463531d078,Books,12.34,12.34,0.0,Fiction,https://books.toscrape.com/media/cache/a6/37/a6378b97d817267de38ba58dfd0db412.jpg
The Hook Up (Game On #1),36.29,5,1,True,https://books.toscrape.com/catalogue/the-hook-up-game-on-1_68/index.html,6e473eff459e809f,Books,36.29,36.29,0.0,New Adult,https://books.toscrape.com/media/cache/90/de/90de87ce300bcbbfcdb9ad77fc9a2e5f.jpg
The Haters,27.89,5,1,True,https://books.toscrape.com/catalogue/the-haters_67/index.html,fff8a057a40c4a60,Books,27.89,27.89,0.0,Young Adult,https://books.toscrape.com/media/cache/4a/13/4a1370ebafcaf6ba5f5e1fe4a609b6d8.jpg
The Girl You Lost,12.29,5,1,True,https://books.toscrape.com/catalogue/the-girl-you-lost_66/index.html,4280ac3eab57aa5d,Books,12.29,12.29,0.0,Mystery,https://books.toscrape.com/media/cache/28/15/2815974db428ea019fc84e08af23095b.jpg
The Edge of Reason (Bridget Jones #2),19.18,4,1,True,https://books.toscrape.com/catalogue/the-edge-of-reason-bridget-jones-2_63/index.html,29fc016c459aeb14,Books,19.18,19.18,0.0,Womens Fiction,https://books.toscrape.com/media/cache/a1/4f/a14f3bc2743e3956cb10fddaaf62a1f9.jpg
The Art of Not Breathing,40.83,4,1,True,https://books.toscrape.com/catalogue/the-art-of-not-breathing_58/index.html,5bc1fbccfbf2355c,Books,40.83,40.83,0.0,Young Adult,https://books.toscrape.com/media/cache/0b/9f/0b9f43b6b5cf8053dd2c68ecafe70b8a.jpg
Shadow Rites (Jane Yellowrock #10),21.72,4,1,True,https://books.toscrape.com/catalogue/shadow-rites-jane-yellowrock-10_51/index.html,229cd6564bf0dce4,Books,21.72,21.72,0.0,Fantasy,https://books.toscrape.com/media/cache/b8/35/b83561ef09d202d3c871649feed4b66d.jpg
"Rat Queens, Vol. 1: Sass & Sorcery (Rat Queens (Collected Editions) #1-5)",46.96,5,1,True,https://books.toscrape.com/catalogue/rat-queens-vol-1-sass-sorcery-rat-queens-collected-editions-1-5_46/index.html,3cdca3b4a93980f5,Books,46.96,46.96,0.0,Sequential Art,https://books.toscrape.com/media/cache/70/da/70daa09e4ddebe1d60f50720c0b49976.jpg
"Paper Girls, Vol. 1 (Paper Girls #1-5)",21.71,4,1,True,https://books.toscrape.com/catalogue/paper-girls-vol-1-paper-girls-1-5_44/index.html,bcbcbcf0f6ed196f,Books,21.71,21.71,0.0,Sequential Art,https://books.toscrape.com/media/cache/87/b3/87b3b5ff42301d1c7eeb0c81055f1633.jpg
Off Sides (Off #1),39.45,5,1,True,https://books.toscrape.com/catalogue/off-sides-off-1_38/index.html,b6f1cfadc4dd79d4,Books,39.45,39.45,0.0,New Adult,https://books.toscrape.com/media/cache/4a/58/4a58f6feb21b7194911eddb020766583.jpg
"Ms. Marvel, Vol. 1: No Normal (Ms. Marvel (2014-2015) #1)",39.39,4,1,True,https://books.toscrape.com/catalogue/ms-marvel-vol-1-no-normal-ms-marvel-2014-2015-1_34/index.html,35a60467893aa168,Books,39.39,39.39,0.0,Sequential Art,https://books.toscrape.com/media/cache/99/f5/99f511d2d38ef356701341d405a1cca2.jpg
Lost Among the Living,27.7,4,1,True,https://books.toscrape.com/catalogue/lost-among-the-living_31/index.html,d510567580c8be52,Books,27.7,27.7,0.0,Historical Fiction,https://books.toscrape.com/media/cache/5f/03/5f0345cd81aaad65bb9f6a34ec0f6b9b.jpg
Jane Eyre,38.43,5,1,True,https://books.toscrape.com/catalogue/jane-eyre_27/index.html,8d390a1fc3133d06,Books,38.43,38.43,0.0,Default,https://books.toscrape.com/media/cache/72/9f/729f5f6a75746782c336537730256f66.jpg
Imperfect Harmony,34.74,4,1,True,https://books.toscrape.com/catalogue/imperfect-harmony_26/index.html,f28f7299d38c0932,Books,34.74,34.74,0.0,Romance,https://books.toscrape.com/media/cache/f1/49/f1498baf6cb055e0a9188d5e57c5f686.jpg
Icing (Aces Hockey #2),40.44,4,1,True,https://books.toscrape.com/catalogue/icing-aces-hockey-2_25/index.html,3455b45888fb5053,Books,40.44,40.44,0.0,Sports and Games,https://books.toscrape.com/media/cache/bf/31/bf31c4b40f6b2622330155fb9113a3bb.jpg
Having the Barbarian's Baby (Ice Planet Barbarians #7.5),34.96,4,1,True,https://books.toscrape.com/catalogue/having-the-barbarians-baby-ice-planet-barbarians-75_23/index.html,6717a70913b3db79,Books,34.96,34.96,0.0,Science Fiction,https://books.toscrape.com/media/cache/13/8a/138a09170e0431cce98921b857a6eeb5.jpg
"Fruits Basket, Vol. 1 (Fruits Basket #1)",40.28,5,1,True,https://books.toscrape.com/catalogue/fruits-basket-vol-1-fruits-basket-1_21/index.html,72e6fbf4f6382557,Books,40.28,40.28,0.0,Sequential Art,https://books.toscrape.com/media/cache/03/c5/03c51e2b5bf51a3f55deecbf8c9e8515.jpg
Deep Under (Walker Security #1),47.09,5,1,True,https://books.toscrape.com/catalogue/deep-under-walker-security-1_15/index.html,0072b94dfa30608e,Books,47.09,47.09,0.0,Romance,https://books.toscrape.com/media/cache/b6/bd/b6bd7cd6500f96e717c147deb8d89af2.jpg
Choosing Our Religion: The Spiritual Lives of America's Nones,28.42,4,1,True,https://books.toscrape.com/catalogue/choosing-our-religion-the-spiritual-lives-of-americas-nones_14/index.html,a812f6969ddf3e39,Books,28.42,28.42,0.0,Religion,https://books.toscrape.com/media/cache/e9/8a/e98a7adb82052fb13418a43291b8f0d4.jpg
Bright Lines,39.07,5,1,True,https://books.toscrape.com/catalogue/bright-lines_11/index.html,230ac636ea0ea415,Books,39.07,39.07,0.0,Fiction,https://books.toscrape.com/media/cache/26/4f/264f79395041ac4b88038030da0433cd.jpg
Bounty (Colorado Mountain #7),37.26,4,1,True,https://books.toscrape.com/catalogue/bounty-colorado-mountain-7_9/index.html,abc0b15f2c907ff0,Books,37.26,37.26,0.0,Romance,https://books.toscrape.com/media/cache/7d/18/7d18f04705f25aa7659b2aa6153c1a4f.jpg
"Bleach, Vol. 1: Strawberry and the Soul Reapers (Bleach #1)",34.65,5,1,True,https://books.toscrape.com/catalogue/bleach-vol-1-strawberry-and-the-soul-reapers-bleach-1_7/index.html,099fae4a0705d63b,Books,34.65,34.65,0.0,Sequential Art,https://books.toscrape.com/media/cache/48/b0/48b07e2daa02d7e5485aa546dec5a25e.jpg
A Spy's Devotion (The Regency Spies of London #1),16.97,5,1,True,https://books.toscrape.com/catalogue/a-spys-devotion-the-regency-spies-of-london-1_3/index.html,19fec36a1dfb4c16,Books,16.97,16.97,0.0,Historical Fiction,https://books.toscrape.com/media/cache/f9/6b/f96b60a7614c4e3e868b82f6811efc7c.jpg
"1,000 Places to See Before You Die",26.08,5,1,True,https://books.toscrape.com/catalogue/1000-places-to-see-before-you-die_1/index.html,228ba5e7577e1d49,Books,26.08,26.08,0.0,Travel,https://books.toscrape.com/media/cache/9e/10/9e106f81f65b293e488718a4f54a6a3f.jpg
